-- MySQL dump 10.13  Distrib 5.5.15, for osx10.6 (i386)
--
-- Host: localhost    Database: clubmanager
-- ------------------------------------------------------
-- Server version	5.5.15

/*!40101 SET @OLD_CHARACTER_SET_CLIENT=@@CHARACTER_SET_CLIENT */;
/*!40101 SET @OLD_CHARACTER_SET_RESULTS=@@CHARACTER_SET_RESULTS */;
/*!40101 SET @OLD_COLLATION_CONNECTION=@@COLLATION_CONNECTION */;
/*!40101 SET NAMES utf8 */;
/*!40103 SET @OLD_TIME_ZONE=@@TIME_ZONE */;
/*!40103 SET TIME_ZONE='+00:00' */;
/*!40014 SET @OLD_UNIQUE_CHECKS=@@UNIQUE_CHECKS, UNIQUE_CHECKS=0 */;
/*!40014 SET @OLD_FOREIGN_KEY_CHECKS=@@FOREIGN_KEY_CHECKS, FOREIGN_KEY_CHECKS=0 */;
/*!40101 SET @OLD_SQL_MODE=@@SQL_MODE, SQL_MODE='NO_AUTO_VALUE_ON_ZERO' */;
/*!40111 SET @OLD_SQL_NOTES=@@SQL_NOTES, SQL_NOTES=0 */;

--
-- Table structure for table `account_events`
--

DROP TABLE IF EXISTS `account_events`;
/*!40101 SET @saved_cs_client     = @@character_set_client */;
/*!40101 SET character_set_client = utf8 */;
CREATE TABLE `account_events` (
  `id` int(11) NOT NULL AUTO_INCREMENT,
  `debit_id` int(11) DEFAULT NULL,
  `credit_id` int(11) DEFAULT NULL,
  `date` datetime DEFAULT NULL,
  `amount` int(11) DEFAULT NULL,
  `created_at` datetime DEFAULT NULL,
  `updated_at` datetime DEFAULT NULL,
  `product_id` int(11) DEFAULT NULL,
  `student_id` int(11) DEFAULT NULL,
  `credit_note` varchar(255) DEFAULT NULL,
  `debit_note` varchar(255) DEFAULT NULL,
  PRIMARY KEY (`id`)
) ENGINE=InnoDB AUTO_INCREMENT=127 DEFAULT CHARSET=latin1;
/*!40101 SET character_set_client = @saved_cs_client */;

--
-- Dumping data for table `account_events`
--

LOCK TABLES `account_events` WRITE;
/*!40000 ALTER TABLE `account_events` DISABLE KEYS */;
INSERT INTO `account_events` VALUES (6,21,91,'2011-09-20 04:49:05',1500,'2011-09-20 04:49:06','2011-09-20 07:21:43',1,3,'Registration for Alex Ojukwu','Registration for Alex'),(7,23,91,'2011-09-20 04:50:36',1500,'2011-09-20 04:50:36','2011-09-20 07:21:43',1,27,'Registration for Elias Willerup','Registration for Elias'),(8,47,91,'2011-09-20 05:09:49',1500,'2011-09-20 05:09:49','2011-09-20 07:21:43',1,33,'Registration for Fisher Albright','Registration for Fisher'),(9,47,91,'2011-09-20 05:09:55',1000,'2011-09-20 05:09:55','2011-09-20 07:21:43',2,33,'T-shirt for Fisher Albright','T-shirt for Fisher'),(10,93,47,'2011-09-20 05:11:05',2500,'2011-09-20 05:11:05','2011-09-20 07:21:06',NULL,NULL,'Paid','Paid by Albright'),(11,56,91,'2011-09-20 05:14:16',1500,'2011-09-20 05:14:16','2011-09-20 07:21:43',1,83,'Registration for Stevon Albin','Registration for Stevon'),(12,56,91,'2011-09-20 05:14:18',1000,'2011-09-20 05:14:19','2011-09-20 07:21:43',2,83,'T-shirt for Stevon Albin','T-shirt for Stevon'),(13,56,91,'2011-09-20 05:15:50',1500,'2011-09-20 05:15:50','2011-09-20 07:21:43',1,54,'Registration for Mariah Albin','Registration for Mariah'),(14,56,91,'2011-09-20 05:15:52',1000,'2011-09-20 05:15:52','2011-09-20 07:21:43',2,54,'T-shirt for Mariah Albin','T-shirt for Mariah'),(15,56,91,'2011-09-20 05:16:33',1500,'2011-09-20 05:16:33','2011-09-20 07:21:43',1,48,'Registration for Jaeson Albin','Registration for Jaeson'),(16,56,91,'2011-09-20 05:16:35',1000,'2011-09-20 05:16:35','2011-09-20 07:21:43',2,48,'T-shirt for Jaeson Albin','T-shirt for Jaeson'),(17,93,56,'2011-09-20 05:16:45',7500,'2011-09-20 05:16:45','2011-09-20 07:21:06',NULL,NULL,'Paid','Paid by Albin'),(18,64,91,'2011-09-20 05:21:08',1500,'2011-09-20 05:21:08','2011-09-20 07:21:43',1,63,'Registration for Parker Anderson','Registration for Parker'),(19,93,64,'2011-09-20 05:21:42',1500,'2011-09-20 05:21:42','2011-09-20 07:21:06',NULL,NULL,'Paid','Paid by Anderson'),(20,62,91,'2011-09-20 05:22:19',1500,'2011-09-20 05:22:20','2011-09-20 07:21:43',1,60,'Registration for Nicolai Andreas','Registration for Nicolai'),(21,93,62,'2011-09-20 05:22:26',1500,'2011-09-20 05:22:26','2011-09-20 07:21:06',NULL,NULL,'Paid','Paid by Andreas'),(22,78,91,'2011-09-20 05:30:00',1500,'2011-09-20 05:30:01','2011-09-20 07:21:44',1,85,'Registration for Ryder Booth','Registration for Ryder'),(23,78,91,'2011-09-20 05:30:04',1000,'2011-09-20 05:30:04','2011-09-20 07:21:44',2,85,'T-shirt for Ryder Booth','T-shirt for Ryder'),(24,78,91,'2011-09-20 05:30:12',500,'2011-09-20 05:30:12','2011-09-20 07:21:44',3,85,'Chess set for Ryder Booth','Chess set for Ryder'),(25,93,78,'2011-09-20 05:32:02',3000,'2011-09-20 05:32:02','2011-09-20 07:21:06',NULL,NULL,'Paid','Paid by Booth'),(26,80,91,'2011-09-20 05:35:13',1500,'2011-09-20 05:35:13','2011-09-20 07:21:44',1,86,'Registration for Zoe VanDeGrift','Registration for Zoe'),(27,80,91,'2011-09-20 05:35:20',500,'2011-09-20 05:35:20','2011-09-20 07:21:44',3,86,'Chess set for Zoe VanDeGrift','Chess set for Zoe'),(28,93,80,'2011-09-20 05:35:28',2000,'2011-09-20 05:35:28','2011-09-20 07:21:06',NULL,NULL,'Paid','Paid by VanDeGrift'),(29,61,91,'2011-09-20 05:36:33',1500,'2011-09-20 05:36:34','2011-09-20 07:21:44',1,71,'Registration for Sophie Budell','Registration for Sophie'),(30,61,91,'2011-09-20 05:38:23',1500,'2011-09-20 05:38:23','2011-09-20 07:21:44',1,59,'Registration for Miles Budell','Registration for Miles'),(31,93,61,'2011-09-20 05:38:29',3000,'2011-09-20 05:38:29','2011-09-20 07:21:06',NULL,NULL,'Paid','Paid by Budell'),(32,32,91,'2011-09-20 05:39:25',1500,'2011-09-20 05:39:26','2011-09-20 07:21:44',1,14,'Registration for Brennan Becerra','Registration for Brennan'),(33,32,91,'2011-09-20 05:40:01',1000,'2011-09-20 05:40:01','2011-09-20 07:21:44',2,14,'T-shirt for Brennan Becerra','T-shirt for Brennan'),(34,32,91,'2011-09-20 05:41:49',1500,'2011-09-20 05:41:49','2011-09-20 07:21:44',1,87,'Registration for Sophia Becerra','Registration for Sophia'),(35,32,91,'2011-09-20 05:41:52',1000,'2011-09-20 05:41:52','2011-09-20 07:21:44',2,87,'T-shirt for Sophia Becerra','T-shirt for Sophia'),(36,93,32,'2011-09-20 05:42:03',5000,'2011-09-20 05:42:03','2011-09-20 07:21:06',NULL,NULL,'Paid','Paid by Becerra'),(37,81,91,'2011-09-20 05:44:29',1500,'2011-09-20 05:44:30','2011-09-20 07:21:44',1,88,'Registration for Hailey Cooper','Registration for Hailey'),(38,81,91,'2011-09-20 05:44:32',1000,'2011-09-20 05:44:32','2011-09-20 07:21:44',2,88,'T-shirt for Hailey Cooper','T-shirt for Hailey'),(39,81,91,'2011-09-20 05:44:59',1500,'2011-09-20 05:45:00','2011-09-20 07:21:44',1,89,'Registration for Ethan Cooper','Registration for Ethan'),(40,81,91,'2011-09-20 05:45:02',1000,'2011-09-20 05:45:02','2011-09-20 07:21:44',2,89,'T-shirt for Ethan Cooper','T-shirt for Ethan'),(41,93,81,'2011-09-20 05:45:09',5000,'2011-09-20 05:45:09','2011-09-20 07:21:06',NULL,NULL,'Paid','Paid by Cooper'),(42,37,91,'2011-09-20 05:45:58',1500,'2011-09-20 05:45:59','2011-09-20 07:21:44',1,19,'Registration for Clara Crowell','Registration for Clara'),(43,37,91,'2011-09-20 05:46:01',1000,'2011-09-20 05:46:01','2011-09-20 07:21:44',2,19,'T-shirt for Clara Crowell','T-shirt for Clara'),(44,93,37,'2011-09-20 05:46:07',2500,'2011-09-20 05:46:07','2011-09-20 07:21:06',NULL,NULL,'Paid','Paid by Crowell'),(45,82,91,'2011-09-20 05:48:42',1500,'2011-09-20 05:48:42','2011-09-20 07:21:44',1,90,'Registration for Sam Denmark','Registration for Sam'),(46,82,91,'2011-09-20 05:48:55',1000,'2011-09-20 05:48:56','2011-09-20 07:21:44',2,90,'T-shirt for Sam Denmark','T-shirt for Sam'),(47,44,91,'2011-09-20 05:50:09',1500,'2011-09-20 05:50:09','2011-09-20 07:21:44',1,29,'Registration for Emma English','Registration for Emma'),(48,53,91,'2011-09-20 05:51:25',1500,'2011-09-20 05:51:25','2011-09-20 07:21:44',1,44,'Registration for Isabelle Devitt','Registration for Isabelle'),(49,53,91,'2011-09-20 05:51:28',1000,'2011-09-20 05:51:28','2011-09-20 07:21:44',2,44,'T-shirt for Isabelle Devitt','T-shirt for Isabelle'),(50,53,91,'2011-09-20 05:55:16',1500,'2011-09-20 05:55:16','2011-09-20 07:21:44',1,91,'Registration for Ewan Devitt','Registration for Ewan'),(51,53,91,'2011-09-20 05:55:19',1000,'2011-09-20 05:55:19','2011-09-20 07:21:44',2,91,'T-shirt for Ewan Devitt','T-shirt for Ewan'),(52,93,53,'2011-09-20 05:55:27',5000,'2011-09-20 05:55:27','2011-09-20 07:21:06',NULL,NULL,'Paid','Paid by Devitt'),(53,33,91,'2011-09-20 05:56:43',1500,'2011-09-20 05:56:43','2011-09-20 07:21:44',1,15,'Registration for Carson Gustavel','Registration for Carson'),(54,93,33,'2011-09-20 05:56:54',1500,'2011-09-20 05:56:54','2011-09-20 07:21:06',NULL,NULL,'Paid','Paid by Gustavel'),(55,33,91,'2011-09-20 05:57:45',1500,'2011-09-20 05:57:45','2011-09-20 07:21:44',1,47,'Registration for Jackson Gustavel','Registration for Jackson'),(56,33,91,'2011-09-20 05:57:48',1000,'2011-09-20 05:57:48','2011-09-20 07:21:44',2,47,'T-shirt for Jackson Gustavel','T-shirt for Jackson'),(57,93,33,'2011-09-20 05:57:55',2500,'2011-09-20 05:57:55','2011-09-20 07:21:06',NULL,NULL,'Paid','Paid by Gustavel'),(58,36,91,'2011-09-20 06:00:24',1500,'2011-09-20 06:00:24','2011-09-20 07:21:44',1,18,'Registration for Chase Kluksdal','Registration for Chase'),(59,36,91,'2011-09-20 06:00:26',1000,'2011-09-20 06:00:26','2011-09-20 07:21:44',2,18,'T-shirt for Chase Kluksdal','T-shirt for Chase'),(60,45,91,'2011-09-20 06:01:28',1500,'2011-09-20 06:01:28','2011-09-20 07:21:44',1,30,'Registration for Eric Labastida','Registration for Eric'),(61,93,45,'2011-09-20 06:01:33',1500,'2011-09-20 06:01:33','2011-09-20 07:21:06',NULL,NULL,'Paid','Paid by Labastida'),(62,71,91,'2011-09-20 06:06:11',1500,'2011-09-20 06:06:11','2011-09-20 07:21:44',1,92,'Registration for Owen ','Registration for Owen'),(63,71,91,'2011-09-20 06:06:13',1000,'2011-09-20 06:06:14','2011-09-20 07:21:44',2,92,'T-shirt for Owen ','T-shirt for Owen'),(64,71,91,'2011-09-20 06:08:40',1500,'2011-09-20 06:08:40','2011-09-20 07:21:44',1,73,'Registration for Tavish LaMontagne','Registration for Tavish'),(66,93,71,'2011-09-20 06:09:18',4000,'2011-09-20 06:09:18','2011-09-20 07:21:06',NULL,NULL,'Paid','Paid by LaMontagne'),(67,54,91,'2011-09-20 06:10:25',1500,'2011-09-20 06:10:25','2011-09-20 07:21:44',1,45,'Registration for Jack McIntyre','Registration for Jack'),(68,22,91,'2011-09-20 06:11:55',1500,'2011-09-20 06:11:56','2011-09-20 07:21:44',1,4,'Registration for Amelia Mussler-Wright','Registration for Amelia'),(69,22,91,'2011-09-20 06:12:01',1000,'2011-09-20 06:12:01','2011-09-20 07:21:44',2,4,'T-shirt for Amelia Mussler-Wright','T-shirt for Amelia'),(70,21,91,'2011-09-20 06:14:18',1500,'2011-09-20 06:14:18','2011-09-20 07:21:44',1,43,'Registration for Isabella Ojukwu','Registration for Isabella'),(71,27,91,'2011-09-20 06:19:21',1500,'2011-09-20 06:19:21','2011-09-20 07:21:44',1,94,'Registration for Emma ','Registration for Emma'),(72,27,91,'2011-09-20 06:19:33',1500,'2011-09-20 06:19:33','2011-09-20 07:21:44',1,57,'Registration for Max Palmer','Registration for Max'),(73,93,27,'2011-09-20 06:19:39',3000,'2011-09-20 06:19:40','2011-09-20 07:21:06',NULL,NULL,'Paid','Paid by Palmer'),(74,35,91,'2011-09-20 06:20:39',1500,'2011-09-20 06:20:39','2011-09-20 07:21:44',1,17,'Registration for Charlie Park','Registration for Charlie'),(75,35,91,'2011-09-20 06:21:06',1500,'2011-09-20 06:21:06','2011-09-20 07:21:44',1,36,'Registration for Geoffrey Park','Registration for Geoffrey'),(76,93,35,'2011-09-20 06:21:11',1500,'2011-09-20 06:21:11','2011-09-20 07:21:06',NULL,NULL,'Paid','Paid by Park'),(77,93,35,'2011-09-20 06:21:15',1500,'2011-09-20 06:21:15','2011-09-20 07:21:06',NULL,NULL,'Paid','Paid by Park'),(78,83,91,'2011-09-20 06:22:26',1500,'2011-09-20 06:22:26','2011-09-20 07:21:44',1,95,'Registration for Ian Prasch','Registration for Ian'),(79,83,91,'2011-09-20 06:22:28',1000,'2011-09-20 06:22:29','2011-09-20 07:21:44',2,95,'T-shirt for Ian Prasch','T-shirt for Ian'),(80,83,91,'2011-09-20 06:22:31',500,'2011-09-20 06:22:31','2011-09-20 07:21:44',3,95,'Chess set for Ian Prasch','Chess set for Ian'),(81,84,91,'2011-09-20 06:24:09',500,'2011-09-20 06:24:09','2011-09-20 07:21:44',3,96,'Chess set for Logan Wendel','Chess set for Logan'),(82,84,91,'2011-09-20 06:24:12',1500,'2011-09-20 06:24:12','2011-09-20 07:21:44',1,96,'Registration for Logan Wendel','Registration for Logan'),(83,84,91,'2011-09-20 06:24:14',1000,'2011-09-20 06:24:14','2011-09-20 07:21:44',2,96,'T-shirt for Logan Wendel','T-shirt for Logan'),(84,93,84,'2011-09-20 06:24:20',3000,'2011-09-20 06:24:20','2011-09-20 07:21:06',NULL,NULL,'Paid','Paid by Wendel'),(85,85,91,'2011-09-20 06:25:51',1500,'2011-09-20 06:25:51','2011-09-20 07:21:44',1,97,'Registration for Gracie Rodes','Registration for Gracie'),(86,85,91,'2011-09-20 06:25:59',1000,'2011-09-20 06:25:59','2011-09-20 07:21:44',2,97,'T-shirt for Gracie Rodes','T-shirt for Gracie'),(87,85,91,'2011-09-20 06:26:01',500,'2011-09-20 06:26:01','2011-09-20 07:21:44',3,97,'Chess set for Gracie Rodes','Chess set for Gracie'),(88,24,91,'2011-09-20 06:28:09',1500,'2011-09-20 06:28:09','2011-09-20 07:21:44',1,6,'Registration for Anthony Quilici','Registration for Anthony'),(89,93,24,'2011-09-20 06:28:13',1500,'2011-09-20 06:28:13','2011-09-20 07:21:06',NULL,NULL,'Paid','Paid by Quilici'),(90,69,91,'2011-09-20 06:29:48',1500,'2011-09-20 06:29:48','2011-09-20 07:21:44',1,70,'Registration for Seth Moore','Registration for Seth'),(91,93,69,'2011-09-20 06:29:58',1500,'2011-09-20 06:29:58','2011-09-20 07:21:06',NULL,NULL,'Paid','Paid by Moore'),(92,87,91,'2011-09-20 06:32:35',1500,'2011-09-20 06:32:35','2011-09-20 07:21:44',1,99,'Registration for Macy Taylor','Registration for Macy'),(93,87,91,'2011-09-20 06:32:37',1000,'2011-09-20 06:32:38','2011-09-20 07:21:44',2,99,'T-shirt for Macy Taylor','T-shirt for Macy'),(94,87,91,'2011-09-20 06:33:25',500,'2011-09-20 06:33:25','2011-09-20 07:21:44',3,99,'Chess set for Macy Taylor','Chess set for Macy'),(95,87,91,'2011-09-20 06:33:50',1500,'2011-09-20 06:33:51','2011-09-20 07:21:44',1,100,'Registration for Hudson Taylor','Registration for Hudson'),(96,87,91,'2011-09-20 06:33:54',1000,'2011-09-20 06:33:54','2011-09-20 07:21:44',2,100,'T-shirt for Hudson Taylor','T-shirt for Hudson'),(97,87,91,'2011-09-20 06:34:54',1500,'2011-09-20 06:34:54','2011-09-20 07:21:44',1,101,'Registration for Halle Taylor','Registration for Halle'),(98,87,91,'2011-09-20 06:34:56',1000,'2011-09-20 06:34:56','2011-09-20 07:21:44',2,101,'T-shirt for Halle Taylor','T-shirt for Halle'),(99,93,87,'2011-09-20 06:35:02',8000,'2011-09-20 06:35:02','2011-09-20 07:21:06',NULL,NULL,'Paid','Paid by Taylor'),(100,42,91,'2011-09-20 06:35:32',1500,'2011-09-20 06:35:32','2011-09-20 07:21:44',1,26,'Registration for Eli Williams','Registration for Eli'),(101,42,91,'2011-09-20 06:35:34',1000,'2011-09-20 06:35:35','2011-09-20 07:21:44',2,26,'T-shirt for Eli Williams','T-shirt for Eli'),(102,88,91,'2011-09-20 06:37:54',1500,'2011-09-20 06:37:54','2011-09-20 07:21:44',1,102,'Registration for Laurel Wheaton','Registration for Laurel'),(103,88,91,'2011-09-20 06:37:57',1000,'2011-09-20 06:37:57','2011-09-20 07:21:44',2,102,'T-shirt for Laurel Wheaton','T-shirt for Laurel'),(104,89,91,'2011-09-20 06:44:16',1500,'2011-09-20 06:44:17','2011-09-20 07:21:44',1,52,'Registration for Keiju Williams','Registration for Keiju'),(105,93,89,'2011-09-20 06:44:23',1500,'2011-09-20 06:44:23','2011-09-20 07:21:06',NULL,NULL,'Paid','Paid by Williams'),(106,50,91,'2011-09-20 06:47:26',1500,'2011-09-20 06:47:26','2011-09-20 07:21:44',1,40,'Registration for Ian Woodley','Registration for Ian'),(107,50,91,'2011-09-20 06:47:30',1000,'2011-09-20 06:47:30','2011-09-20 07:21:44',2,40,'T-shirt for Ian Woodley','T-shirt for Ian'),(108,50,91,'2011-09-20 06:48:01',1500,'2011-09-20 06:48:01','2011-09-20 07:21:44',1,103,'Registration for Joe ','Registration for Joe'),(109,50,91,'2011-09-20 06:48:04',1000,'2011-09-20 06:48:04','2011-09-20 07:21:44',2,103,'T-shirt for Joe ','T-shirt for Joe'),(110,93,50,'2011-09-20 06:48:09',5000,'2011-09-20 06:48:09','2011-09-20 07:21:06',NULL,NULL,'Paid','Paid by Woodley'),(111,90,91,'2011-09-20 06:49:32',1500,'2011-09-20 06:49:32','2011-09-20 07:21:44',1,104,'Registration for Marlee Zimmer','Registration for Marlee'),(112,90,91,'2011-09-20 06:49:35',1000,'2011-09-20 06:49:35','2011-09-20 07:21:44',2,104,'T-shirt for Marlee Zimmer','T-shirt for Marlee'),(113,93,90,'2011-09-20 06:50:17',2500,'2011-09-20 06:50:17','2011-09-20 07:21:06',NULL,NULL,'Paid','Paid by Zimmer'),(114,72,91,'2011-09-20 06:51:20',1500,'2011-09-20 06:51:21','2011-09-20 07:21:44',1,74,'Registration for Tenje Zimmerer','Registration for Tenje'),(115,93,72,'2011-09-20 06:51:39',2500,'2011-09-20 06:51:39','2011-09-20 07:21:06',NULL,NULL,'Paid','Paid by Zimmerer'),(116,73,91,'2011-09-20 06:53:45',1500,'2011-09-20 06:53:45','2011-09-20 07:21:44',1,79,'Registration for Vivien Zwolfer','Registration for Vivien'),(117,73,91,'2011-09-20 06:53:48',500,'2011-09-20 06:53:48','2011-09-20 07:21:44',3,79,'Chess set for Vivien Zwolfer','Chess set for Vivien'),(118,93,73,'2011-09-20 06:53:55',2000,'2011-09-20 06:53:56','2011-09-20 07:21:06',NULL,NULL,'Paid','Paid by Zwolfer'),(119,93,36,'2011-09-20 06:57:00',2500,'2011-09-20 06:57:00','2011-09-20 07:21:06',NULL,NULL,'Paid','Paid by Kluksdal'),(120,93,88,'2011-09-20 06:57:30',2500,'2011-09-20 06:57:30','2011-09-20 07:21:06',NULL,NULL,'Paid','Paid by Weaton'),(121,23,91,'2011-09-20 07:01:48',1500,'2011-09-20 07:01:48','2011-09-20 07:21:44',1,5,'Registration for Annika Willerup','Registration for Annika'),(122,23,91,'2011-09-20 07:02:34',1500,'2011-09-20 07:02:34','2011-09-20 07:21:44',1,105,'Registration for Benjamin Willerup','Registration for Benjamin'),(123,54,91,'2011-09-20 07:05:55',1500,'2011-09-20 07:05:55','2011-09-20 07:21:44',1,55,'Registration for Mark McIntyre','Registration for Mark'),(124,93,54,'2011-09-20 07:06:35',3000,'2011-09-20 07:06:35','2011-09-20 07:21:06',NULL,NULL,'Paid','Paid by McIntyre'),(125,93,82,'2011-09-20 07:07:27',2500,'2011-09-20 07:07:28','2011-09-20 07:21:06',NULL,NULL,'Paid','Paid by Denmark'),(126,93,83,'2011-09-20 07:08:25',3000,'2011-09-20 07:08:25','2011-09-20 07:21:06',NULL,NULL,'Paid','Paid by Prasch');
/*!40000 ALTER TABLE `account_events` ENABLE KEYS */;
UNLOCK TABLES;

--
-- Table structure for table `accounts`
--

DROP TABLE IF EXISTS `accounts`;
/*!40101 SET @saved_cs_client     = @@character_set_client */;
/*!40101 SET character_set_client = utf8 */;
CREATE TABLE `accounts` (
  `id` int(11) NOT NULL AUTO_INCREMENT,
  `name` varchar(255) DEFAULT NULL,
  `created_at` datetime DEFAULT NULL,
  `updated_at` datetime DEFAULT NULL,
  `account_type` varchar(255) DEFAULT NULL,
  `family_id` int(11) DEFAULT NULL,
  `club_id` int(11) DEFAULT NULL,
  PRIMARY KEY (`id`)
) ENGINE=InnoDB AUTO_INCREMENT=95 DEFAULT CHARSET=latin1;
/*!40101 SET character_set_client = @saved_cs_client */;

--
-- Dumping data for table `accounts`
--

LOCK TABLES `accounts` WRITE;
/*!40000 ALTER TABLE `accounts` DISABLE KEYS */;
INSERT INTO `accounts` VALUES (19,'Teegarden','2011-09-20 04:39:22','2011-09-20 07:18:50','cash',1,1),(20,'Gough','2011-09-20 04:39:22','2011-09-20 07:18:50','cash',2,1),(21,'Ojukwu','2011-09-20 04:39:22','2011-09-20 07:18:51','cash',3,1),(22,'Mussler-Wright','2011-09-20 04:39:22','2011-09-20 07:18:51','cash',4,1),(23,'Willerup','2011-09-20 04:39:22','2011-09-20 07:18:51','cash',5,1),(24,'Quilici','2011-09-20 04:39:22','2011-09-20 07:18:51','cash',6,1),(25,'Soni','2011-09-20 04:39:22','2011-09-20 07:18:51','cash',7,1),(26,'Banks','2011-09-20 04:39:22','2011-09-20 07:18:51','cash',8,1),(27,'Palmer','2011-09-20 04:39:22','2011-09-20 07:18:51','cash',9,1),(28,'Flynn','2011-09-20 04:39:22','2011-09-20 07:18:51','cash',10,1),(29,'Arnt','2011-09-20 04:39:22','2011-09-20 07:18:51','cash',11,1),(30,'Lazar','2011-09-20 04:39:22','2011-09-20 07:18:51','cash',12,1),(31,'Zuckerman','2011-09-20 04:39:22','2011-09-20 07:18:51','cash',13,1),(32,'Becerra','2011-09-20 04:39:22','2011-09-20 07:18:51','cash',14,1),(33,'Gustavel','2011-09-20 04:39:23','2011-09-20 07:18:51','cash',15,1),(34,'Konrath','2011-09-20 04:39:23','2011-09-20 07:18:51','cash',16,1),(35,'Park','2011-09-20 04:39:23','2011-09-20 07:18:51','cash',17,1),(36,'Kluksdal','2011-09-20 04:39:23','2011-09-20 07:18:51','cash',18,1),(37,'Crowell','2011-09-20 04:39:23','2011-09-20 07:18:51','cash',19,1),(38,'Leavitt','2011-09-20 04:39:23','2011-09-20 07:18:51','cash',20,1),(39,'McCauley','2011-09-20 04:39:23','2011-09-20 07:18:51','cash',21,1),(40,'Webb-Knudson','2011-09-20 04:39:23','2011-09-20 07:18:51','cash',22,1),(41,'Scofield','2011-09-20 04:39:23','2011-09-20 07:18:51','cash',23,1),(42,'Williams','2011-09-20 04:39:23','2011-09-20 07:18:51','cash',24,1),(43,'Glass','2011-09-20 04:39:23','2011-09-20 07:18:51','cash',25,1),(44,'English','2011-09-20 04:39:23','2011-09-20 07:18:51','cash',26,1),(45,'Labastida','2011-09-20 04:39:23','2011-09-20 07:18:51','cash',27,1),(46,'Albert','2011-09-20 04:39:23','2011-09-20 07:18:51','cash',28,1),(47,'Albright','2011-09-20 04:39:23','2011-09-20 07:18:51','cash',29,1),(48,'Songer','2011-09-20 04:39:23','2011-09-20 07:18:51','cash',30,1),(49,'Eustermann','2011-09-20 04:39:23','2011-09-20 07:18:51','cash',31,1),(50,'Woodley','2011-09-20 04:39:23','2011-09-20 07:18:51','cash',32,1),(51,'Fishman','2011-09-20 04:39:23','2011-09-20 07:18:51','cash',33,1),(52,'Skinner','2011-09-20 04:39:23','2011-09-20 07:18:51','cash',34,1),(53,'Devitt','2011-09-20 04:39:23','2011-09-20 07:18:51','cash',35,1),(54,'McIntyre','2011-09-20 04:39:23','2011-09-20 07:18:51','cash',36,1),(55,'Roe','2011-09-20 04:39:23','2011-09-20 07:18:51','cash',37,1),(56,'Albin','2011-09-20 04:39:23','2011-09-20 07:18:51','cash',38,1),(57,'Krueger','2011-09-20 04:39:23','2011-09-20 07:18:51','cash',39,1),(58,'Hulquist','2011-09-20 04:39:23','2011-09-20 07:18:51','cash',40,1),(59,'Freeman','2011-09-20 04:39:23','2011-09-20 07:18:51','cash',41,1),(60,'Smith','2011-09-20 04:39:23','2011-09-20 07:18:51','cash',42,1),(61,'Budell','2011-09-20 04:39:23','2011-09-20 07:18:51','cash',43,1),(62,'Andreas','2011-09-20 04:39:23','2011-09-20 07:18:51','cash',44,1),(63,'Woods','2011-09-20 04:39:23','2011-09-20 07:18:51','cash',45,1),(64,'Anderson','2011-09-20 04:39:23','2011-09-20 07:18:51','cash',46,1),(65,'Conein','2011-09-20 04:39:23','2011-09-20 07:18:51','cash',47,1),(66,'Teixeira','2011-09-20 04:39:23','2011-09-20 07:18:51','cash',48,1),(67,'Massey','2011-09-20 04:39:23','2011-09-20 07:18:51','cash',49,1),(68,'Roberts','2011-09-20 04:39:23','2011-09-20 07:18:51','cash',50,1),(69,'Moore','2011-09-20 04:39:23','2011-09-20 07:18:51','cash',51,1),(70,'Post','2011-09-20 04:39:23','2011-09-20 07:18:51','cash',52,1),(71,'LaMontagne','2011-09-20 04:39:23','2011-09-20 07:18:51','cash',53,1),(72,'Zimmerer','2011-09-20 04:39:23','2011-09-20 07:18:51','cash',54,1),(73,'Zwolfer','2011-09-20 04:39:23','2011-09-20 07:18:51','cash',55,1),(74,'Webb-Knudsen','2011-09-20 04:39:23','2011-09-20 07:18:51','cash',56,1),(75,'Howard','2011-09-20 04:39:23','2011-09-20 07:18:51','cash',57,1),(76,'Gibson','2011-09-20 04:39:23','2011-09-20 07:18:51','cash',58,1),(77,'Carrell','2011-09-20 04:39:23','2011-09-20 07:18:51','cash',59,1),(78,'Booth','2011-09-20 05:28:00','2011-09-20 07:18:51','cash',60,1),(79,'VanDeGrift','2011-09-20 05:34:35','2011-09-20 07:18:51','cash',61,1),(80,'VanDeGrift','2011-09-20 05:35:05','2011-09-20 07:18:51','cash',62,1),(81,'Cooper','2011-09-20 05:44:26','2011-09-20 07:18:51','cash',63,1),(82,'Denmark','2011-09-20 05:48:37','2011-09-20 07:18:51','cash',64,1),(83,'Prasch','2011-09-20 06:22:21','2011-09-20 07:18:51','cash',65,1),(84,'Wendel','2011-09-20 06:24:04','2011-09-20 07:18:51','cash',66,1),(85,'Rodes','2011-09-20 06:25:47','2011-09-20 07:18:51','cash',67,1),(86,'Robbins','2011-09-20 06:27:39','2011-09-20 07:18:51','cash',68,1),(87,'Taylor','2011-09-20 06:32:31','2011-09-20 07:18:51','cash',69,1),(88,'Weaton','2011-09-20 06:37:51','2011-09-20 07:18:51','cash',70,1),(89,'Williams','2011-09-20 06:41:55','2011-09-20 07:18:51','cash',71,1),(90,'Zimmer','2011-09-20 06:49:20','2011-09-20 07:18:51','cash',72,1),(91,'Income','2011-09-20 07:16:15','2011-09-20 07:16:15','income',NULL,1),(92,'Expenses','2011-09-20 07:16:15','2011-09-20 07:16:15','expense',NULL,1),(93,'Cash','2011-09-20 07:16:15','2011-09-20 07:16:15','cash',NULL,1),(94,'Liabilities','2011-09-20 07:16:15','2011-09-20 07:16:15','liability',NULL,1);
/*!40000 ALTER TABLE `accounts` ENABLE KEYS */;
UNLOCK TABLES;

--
-- Table structure for table `clubs`
--

DROP TABLE IF EXISTS `clubs`;
/*!40101 SET @saved_cs_client     = @@character_set_client */;
/*!40101 SET character_set_client = utf8 */;
CREATE TABLE `clubs` (
  `id` int(11) NOT NULL AUTO_INCREMENT,
  `name` text,
  `token` text,
  `created_at` datetime DEFAULT NULL,
  `updated_at` datetime DEFAULT NULL,
  `term_id` int(11) DEFAULT NULL,
  `income_id` int(11) DEFAULT NULL,
  `expenses_id` int(11) DEFAULT NULL,
  `cash_id` int(11) DEFAULT NULL,
  `liabilities_id` int(11) DEFAULT NULL,
  PRIMARY KEY (`id`)
) ENGINE=InnoDB AUTO_INCREMENT=2 DEFAULT CHARSET=latin1;
/*!40101 SET character_set_client = @saved_cs_client */;

--
-- Dumping data for table `clubs`
--

LOCK TABLES `clubs` WRITE;
/*!40000 ALTER TABLE `clubs` DISABLE KEYS */;
INSERT INTO `clubs` VALUES (1,'Washington Chess Club','washington',NULL,'2011-09-20 07:16:15',3,91,92,93,94);
/*!40000 ALTER TABLE `clubs` ENABLE KEYS */;
UNLOCK TABLES;

--
-- Table structure for table `events`
--

DROP TABLE IF EXISTS `events`;
/*!40101 SET @saved_cs_client     = @@character_set_client */;
/*!40101 SET character_set_client = utf8 */;
CREATE TABLE `events` (
  `id` int(11) NOT NULL AUTO_INCREMENT,
  `name` varchar(255) DEFAULT NULL,
  `date` datetime DEFAULT NULL,
  `created_at` datetime DEFAULT NULL,
  `updated_at` datetime DEFAULT NULL,
  `closed` tinyint(1) DEFAULT NULL,
  `term_id` int(11) DEFAULT NULL,
  PRIMARY KEY (`id`)
) ENGINE=InnoDB AUTO_INCREMENT=23 DEFAULT CHARSET=latin1;
/*!40101 SET character_set_client = @saved_cs_client */;

--
-- Dumping data for table `events`
--

LOCK TABLES `events` WRITE;
/*!40000 ALTER TABLE `events` DISABLE KEYS */;
INSERT INTO `events` VALUES (1,'Start 2010','2010-09-01 00:00:00','2011-02-23 04:01:34','2011-09-13 16:33:52',1,1),(2,'Club Meeting 2011-02-07','2011-02-07 00:00:00','2011-02-23 04:01:35','2011-09-13 16:33:52',1,1),(3,'Club Meeting 2011-01-31','2011-01-31 00:00:00','2011-02-23 04:01:35','2011-09-13 16:33:52',1,1),(4,'Club Meeting 2011-01-10','2011-01-10 00:00:00','2011-02-23 04:01:35','2011-09-13 16:33:52',1,1),(5,'Club Meeting 2011-01-03','2011-01-03 00:00:00','2011-02-23 04:01:35','2011-09-13 16:33:52',1,1),(6,'Club Meeting 2010-12-13','2010-12-13 00:00:00','2011-02-23 04:01:35','2011-09-13 16:33:52',1,1),(7,'Club Meeting 2010-12-06','2010-12-06 00:00:00','2011-02-23 04:01:35','2011-09-13 16:33:52',1,1),(8,'Club Meeting 2010-11-29','2010-11-29 00:00:00','2011-02-23 04:01:35','2011-09-13 16:33:52',1,1),(9,'Club Meeting 2010-11-15','2010-11-15 00:00:00','2011-02-23 04:01:35','2011-09-13 16:33:52',1,1),(10,'Club Meeting 2010-11-08','2010-11-08 00:00:00','2011-02-23 04:01:35','2011-09-13 16:33:52',1,1),(11,'Club Meeting 2010-11-01','2010-11-01 00:00:00','2011-02-23 04:01:35','2011-09-13 16:33:52',1,1),(12,'Club Meeting 2010-10-25','2010-10-25 00:00:00','2011-02-23 04:01:35','2011-09-13 16:33:52',1,1),(13,'Club Meeting 2010-10-18','2010-10-18 00:00:00','2011-02-23 04:01:35','2011-09-13 16:33:52',1,1),(14,'Club Meeting 2010-10-11','2010-10-11 00:00:00','2011-02-23 04:01:35','2011-09-13 16:33:52',1,1),(15,'Club Meeting 2010-10-04','2010-10-04 00:00:00','2011-02-23 04:01:35','2011-09-13 16:33:52',1,1),(16,'Club Meeting 2010-09-27','2010-09-27 00:00:00','2011-02-23 04:01:35','2011-09-13 16:33:52',1,1),(17,'Club Meeting 2010-09-20','2010-09-20 00:00:00','2011-02-23 04:01:35','2011-09-13 16:33:52',1,1),(18,'Club Meeting 2011-02-14','2011-02-14 00:00:00','2011-02-23 04:10:03','2011-09-13 16:33:52',1,1),(19,'Club Meeting 2011-02-28','2011-02-28 00:00:00','2011-03-01 04:28:06','2011-09-13 16:33:52',1,1),(20,'Club Tournament','2011-03-14 00:00:00','2011-03-11 04:44:10','2011-09-13 16:33:52',1,1),(22,'Start 2011/12','2011-09-19 00:00:00','2011-09-17 05:51:37','2011-09-17 05:51:37',NULL,3);
/*!40000 ALTER TABLE `events` ENABLE KEYS */;
UNLOCK TABLES;

--
-- Table structure for table `families`
--

DROP TABLE IF EXISTS `families`;
/*!40101 SET @saved_cs_client     = @@character_set_client */;
/*!40101 SET character_set_client = utf8 */;
CREATE TABLE `families` (
  `id` int(11) NOT NULL AUTO_INCREMENT,
  `name` varchar(255) DEFAULT NULL,
  `club_id` int(11) DEFAULT NULL,
  `created_at` datetime DEFAULT NULL,
  `updated_at` datetime DEFAULT NULL,
  `account_id` int(11) DEFAULT NULL,
  `email` varchar(255) DEFAULT NULL,
  `phone` varchar(255) DEFAULT NULL,
  `notes` varchar(255) DEFAULT NULL,
  PRIMARY KEY (`id`)
) ENGINE=InnoDB AUTO_INCREMENT=73 DEFAULT CHARSET=latin1;
/*!40101 SET character_set_client = @saved_cs_client */;

--
-- Dumping data for table `families`
--

LOCK TABLES `families` WRITE;
/*!40000 ALTER TABLE `families` DISABLE KEYS */;
INSERT INTO `families` VALUES (1,'Teegarden',1,'2011-02-23 04:01:35','2011-09-20 04:39:22',19,'kirstentee@yahoo.com','338-5227',NULL),(2,'Gough',1,'2011-02-23 04:01:35','2011-09-20 04:39:22',20,'paige.somoza@boiseschools.org','608-0207 440-8135',NULL),(3,'Ojukwu',1,'2011-02-23 04:01:35','2011-09-20 04:39:22',21,'theojukwus@yahoo.com','404-234-5582',NULL),(4,'Mussler-Wright',1,'2011-02-23 04:01:35','2011-09-20 06:12:34',22,'rmwright.pcs@gmail.com','H343-4144 w343-3110',''),(5,'Willerup',1,'2011-02-23 04:01:35','2011-09-20 04:39:22',23,'frederik@willerup.com','899-3893',NULL),(6,'Quilici',1,'2011-02-23 04:01:36','2011-09-20 06:28:35',24,'tiffany@roaringsprings.com','724-3328','Tiffany & Tony'),(7,'Soni',1,'2011-02-23 04:01:36','2011-09-20 04:39:22',25,'margimsoni@gmail.com','Mom 484-0534 Dad 484-0487',NULL),(8,'Banks',1,'2011-02-23 04:01:36','2011-09-20 04:39:22',26,'kayakjj@msn.com','c608-2745 h424-0264',NULL),(9,'Palmer',1,'2011-02-23 04:01:36','2011-09-20 06:18:57',27,'peterleepalmer@msn.com,jillnpalmer@msn.com','Peter 867-9113/385-9198 Jill 860-7406/429-6917',''),(10,'Flynn',1,'2011-02-23 04:01:36','2011-09-20 04:39:22',28,'sjflynners@msn.com','761-0430',NULL),(11,'Arnt',1,'2011-02-23 04:01:36','2011-09-20 04:39:22',29,'kenlenzi@yahoo.com','363-9596 or 867-6346',NULL),(12,'Lazar',1,'2011-02-23 04:01:36','2011-09-20 04:39:22',30,'lawdbl@aol.com','353-0239',NULL),(13,'Zuckerman',1,'2011-02-23 04:01:36','2011-09-20 04:39:22',31,'danazuckerman@gmail.com','577-6808',NULL),(14,'Becerra',1,'2011-02-23 04:01:37','2011-09-20 05:41:06',32,'charlene.becerra@boiseschools.org','Charlene 938-1425 Home 938-1425','maybe can help with snacks'),(15,'Gustavel',1,'2011-02-23 04:01:37','2011-09-20 04:39:23',33,'lgustavel@cableone.net','440-8532',NULL),(16,'Konrath',1,'2011-02-23 04:01:37','2011-09-20 04:39:23',34,'barclaykonrath@mac.com','860-4958',NULL),(17,'Park',1,'2011-02-23 04:01:37','2011-09-20 04:39:23',35,'northendparks@hotmail.com','C870-9995 H389-1136',NULL),(18,'Kluksdal',1,'2011-02-23 04:01:37','2011-09-20 05:59:56',36,'plk@hteh.com','Paula 861-6249 Home 336-7628 w388-4884',''),(19,'Crowell',1,'2011-02-23 04:01:37','2011-09-20 04:39:23',37,'aprilfcrowell@gmail.com, garycrowelljr@gmail.com','342-8425',NULL),(20,'Leavitt',1,'2011-02-23 04:01:38','2011-09-20 04:39:23',38,'vlcek.ka@gmail.com','514-5436',NULL),(21,'McCauley',1,'2011-02-23 04:01:38','2011-09-20 04:39:23',39,'drmccauley@gmail.com','389-4796 dad 890-7680 mom 724-3371',NULL),(22,'Webb-Knudson',1,'2011-02-23 04:01:38','2011-09-20 04:39:23',40,'leslieandjarad@hotmail.com','891-6459',NULL),(23,'Scofield',1,'2011-02-23 04:01:39','2011-09-20 04:39:23',41,'wscofield@cableone.net','w841-9468 h867-6051',NULL),(24,'Williams',1,'2011-02-23 04:01:39','2011-09-20 06:35:47',42,'willijeni@yahoo.com','Jeni 908-9086',''),(25,'Glass',1,'2011-02-23 04:01:39','2011-09-20 04:39:23',43,'marci.glass@mac.com','473-0392',NULL),(26,'English',1,'2011-02-23 04:01:39','2011-09-20 04:39:23',44,'auditmonkey@msn.com,boisenp@msn.com','Mom 861-5966 Dad 570-7835',NULL),(27,'Labastida',1,'2011-02-23 04:01:39','2011-09-20 06:02:12',45,'eric.labastida@gmail.com, carlos.labastida@gmail.com','412-7495  (972-987-9585?)',''),(28,'Albert',1,'2011-02-23 04:01:40','2011-09-20 04:39:23',46,'2eboyze@gmail.com','906-2115 /  863-0748',NULL),(29,'Albright',1,'2011-02-23 04:01:40','2011-09-20 05:11:47',47,'kristenalbright1@gmail.com','Mom 720-6030 Dad 720-6851','Kristen'),(30,'Songer',1,'2011-02-23 04:01:40','2011-09-20 04:39:23',48,'elizabeth_songer@yahoo.com','540-818-2619 540-818-1731',NULL),(31,'Eustermann',1,'2011-02-23 04:01:40','2011-09-20 04:39:23',49,'lara@eustermann.com','890-1336 / 830-4658',NULL),(32,'Woodley',1,'2011-02-23 04:01:41','2011-09-20 04:39:23',50,'hwoodley4@gmail.com','695-5035',NULL),(33,'Fishman',1,'2011-02-23 04:01:41','2011-09-20 04:39:23',51,NULL,NULL,NULL),(34,'Skinner',1,'2011-02-23 04:01:41','2011-09-20 04:39:23',52,'hgkirk@msn.com','409-1378, 344-5060',NULL),(35,'Devitt',1,'2011-02-23 04:01:41','2011-09-20 05:54:29',53,'angedevi@vzw.blackberry.net','Mike 869-2427 Angela 866-4047',''),(36,'McIntyre',1,'2011-02-23 04:01:41','2011-09-20 04:39:23',54,'kally.mcintyre@gmail.com','h426-0079 c629-9451',NULL),(37,'Roe',1,'2011-02-23 04:01:42','2011-09-20 04:39:23',55,'fredlroe@msn.com, sroe@cableone.net','dad 830-5367 mom 850-3165',NULL),(38,'Albin',1,'2011-02-23 04:01:42','2011-09-20 05:19:32',56,'susannea@att.net','c408-309-9654 h629-8786','Susanne'),(39,'Krueger',1,'2011-02-23 04:01:42','2011-09-20 04:39:23',57,'huntnid@cableone.net','870-3744',NULL),(40,'Hulquist',1,'2011-02-23 04:01:42','2011-09-20 04:39:23',58,'mhulquist@hotmail.com','229-1574',NULL),(41,'Freeman',1,'2011-02-23 04:01:43','2011-09-20 04:39:23',59,'freebase23@msn.com','941-0166 / 941-1329',NULL),(42,'Smith',1,'2011-02-23 04:01:43','2011-09-20 04:39:23',60,'marisa.ksmith@yahoo.com','841-7477, 870-3072',NULL),(43,'Budell',1,'2011-02-23 04:01:43','2011-09-20 05:37:48',61,'DenikaBudell@gmail.com','Erika 869-4009 Dennis 585-7485',''),(44,'Andreas',1,'2011-02-23 04:01:43','2011-09-20 04:39:23',62,'phedra@forthazel.com','850-5529',NULL),(45,'Woods',1,'2011-02-23 04:01:44','2011-09-20 04:39:23',63,'stacicwoods@hotmail.com','921-1203',NULL),(46,'Anderson',1,'2011-02-23 04:01:44','2011-09-20 05:20:57',64,'andrea.anderson@boiseschools.org','859-4947 / 854-6445','Andrea'),(47,'Conein',1,'2011-02-23 04:01:44','2011-09-20 04:39:23',65,'mollyconein@yahoo.com','284-4895',NULL),(48,'Teixeira',1,'2011-02-23 04:01:44','2011-09-20 04:39:23',66,'ericagomez09@gmail.com','284-2520',NULL),(49,'Massey',1,'2011-02-23 04:01:45','2011-09-20 04:39:23',67,'lindseynewgard@aol.com','412-1349',NULL),(50,'Roberts',1,'2011-02-23 04:01:45','2011-09-20 04:39:23',68,'bjr210@gmail.com','283-9122',NULL),(51,'Moore',1,'2011-02-23 04:01:45','2011-09-20 06:31:04',69,'mel.pete.swan@gmail.com,melaniem401@gmail.com','Melanie 703-6771  861-3945',''),(52,'Post',1,'2011-02-23 04:01:45','2011-09-20 04:39:23',70,'ljmiller34@yahoo.com','891-5119',NULL),(53,'LaMontagne',1,'2011-02-23 04:01:45','2011-09-20 04:39:23',71,'paige.lamontagne@boiseschools.org','385-9185',NULL),(54,'Zimmerer',1,'2011-02-23 04:01:45','2011-09-20 06:51:13',72,'zimley@cableone.net','Mark 409-5292 Sue 440-6970',''),(55,'Zwolfer',1,'2011-02-23 04:01:46','2011-09-20 06:53:20',73,'dzwolfer@hotmail.com','h387-0051 c761-4603','Dani and Kurt'),(56,'Webb-Knudsen',1,'2011-02-23 04:01:46','2011-09-20 04:39:23',74,'leslieandjarad@hotmail.com','891-6459',NULL),(57,'Howard',1,'2011-02-23 04:01:46','2011-09-20 04:39:23',75,'phillygoatcheese@msn.com',NULL,NULL),(58,'Gibson',1,'2011-02-23 04:01:46','2011-09-20 04:39:23',76,'zlizgibson@yahoo.com','861-1844',NULL),(59,'Carrell',1,'2011-03-18 02:37:58','2011-09-20 04:39:23',77,NULL,NULL,NULL),(60,'Booth',1,'2011-09-20 05:25:12','2011-09-20 05:31:04',78,'chriknut@sarmc.org','Christina 860-0340 George 860-0320',NULL),(61,'VanDeGrift',1,'2011-09-20 05:34:35','2011-09-20 05:34:35',79,'aprilvdg@hotmail.com','April 871-0241',NULL),(62,'VanDeGrift',1,'2011-09-20 05:35:05','2011-09-20 05:35:05',80,'aprilvdg@hotmail.com','April 871-0241',NULL),(63,'Cooper',1,'2011-09-20 05:44:26','2011-09-20 05:44:26',81,'boiseflygirl@yahoo.com','Heather 283-3707',NULL),(64,'Denmark',1,'2011-09-20 05:48:37','2011-09-20 05:48:37',82,'gldenmark@yahoo.com','Greg 608-6355 Lisa 602-0838',NULL),(65,'Prasch',1,'2011-09-20 06:22:20','2011-09-20 06:22:21',83,'sypiehole@cableone.net','850-2263',NULL),(66,'Wendel',1,'2011-09-20 06:24:04','2011-09-20 06:24:04',84,'wendel.mike@gmail.com','Mike 850-8725',NULL),(67,'Rodes',1,'2011-09-20 06:25:47','2011-09-20 06:25:47',85,'c_crodes@hotmail.com','Chris 253-722-3156 Camille 253-381-4285',NULL),(68,'Robbins',1,'2011-09-20 06:27:39','2011-09-20 06:27:39',86,'jdoylecmt@aol.com,eldonhightower@gmail.com','Jean 284-1500 Grant 631-8307',NULL),(69,'Taylor',1,'2011-09-20 06:32:31','2011-09-20 06:32:31',87,'doodlebooks@yahoo.com','Jen 384-9323 / 863-9502',NULL),(70,'Weaton',1,'2011-09-20 06:37:50','2011-09-20 06:37:51',88,'amberc.ellis@gmail.com','Amber 850-3532',NULL),(71,'Williams',1,'2011-09-20 06:41:17','2011-09-20 06:45:28',89,'fuyu70123@yahoo.co.jp,ckw0531@gmail.com','fuyu 246-9934, chris 392-5980',''),(72,'Zimmer',1,'2011-09-20 06:49:20','2011-09-20 06:49:20',90,'shelley.zimmer@hp.com,zimmerfamily@me.com','Chris&Shelley 424-6757',NULL);
/*!40000 ALTER TABLE `families` ENABLE KEYS */;
UNLOCK TABLES;

--
-- Table structure for table `games`
--

DROP TABLE IF EXISTS `games`;
/*!40101 SET @saved_cs_client     = @@character_set_client */;
/*!40101 SET character_set_client = utf8 */;
CREATE TABLE `games` (
  `id` int(11) NOT NULL AUTO_INCREMENT,
  `player1_id` int(11) DEFAULT NULL,
  `player2_id` int(11) DEFAULT NULL,
  `result` int(11) DEFAULT NULL,
  `event_id` int(11) DEFAULT NULL,
  `created_at` datetime DEFAULT NULL,
  `updated_at` datetime DEFAULT NULL,
  PRIMARY KEY (`id`)
) ENGINE=InnoDB AUTO_INCREMENT=161 DEFAULT CHARSET=latin1;
/*!40101 SET character_set_client = @saved_cs_client */;

--
-- Dumping data for table `games`
--

LOCK TABLES `games` WRITE;
/*!40000 ALTER TABLE `games` DISABLE KEYS */;
INSERT INTO `games` VALUES (1,1039,1040,1,18,'2011-02-23 04:10:19','2011-02-23 04:10:19'),(2,1041,1042,1,18,'2011-02-23 04:10:26','2011-02-23 04:10:26'),(3,1043,1044,1,18,'2011-02-23 04:20:27','2011-02-23 04:20:27'),(4,1045,1046,1,18,'2011-02-23 04:20:37','2011-02-23 04:20:37'),(5,1047,1048,1,18,'2011-02-23 04:20:46','2011-02-23 04:20:46'),(6,1049,1050,1,18,'2011-02-23 04:20:55','2011-02-23 04:20:55'),(7,1051,1052,1,18,'2011-02-23 04:21:02','2011-02-23 04:21:02'),(8,1041,1043,1,18,'2011-02-23 04:21:07','2011-02-23 04:21:07'),(9,1053,1054,1,18,'2011-02-23 04:21:13','2011-02-23 04:21:13'),(10,1045,1048,1,18,'2011-02-23 04:21:21','2011-02-23 04:21:21'),(11,1055,1056,1,18,'2011-02-23 04:21:29','2011-02-23 04:21:29'),(12,1057,1043,1,18,'2011-02-23 04:21:35','2011-02-23 04:21:35'),(13,1053,1058,1,18,'2011-02-23 04:21:40','2011-02-23 04:21:40'),(14,1059,1045,1,18,'2011-02-23 04:21:46','2011-02-23 04:21:46'),(15,1042,1060,1,18,'2011-02-23 04:21:52','2011-02-23 04:21:52'),(16,1061,1062,1,18,'2011-02-23 04:22:01','2011-02-23 04:22:01'),(17,1063,1064,0,18,'2011-02-23 04:22:10','2011-02-23 04:22:10'),(18,1061,1039,1,18,'2011-02-23 04:22:25','2011-02-23 04:22:25'),(19,1063,1049,1,18,'2011-02-23 04:22:35','2011-02-23 04:22:35'),(20,1065,1040,1,18,'2011-02-23 04:22:40','2011-02-23 04:22:40'),(21,1066,1067,1,18,'2011-02-23 04:22:45','2011-02-23 04:22:45'),(22,1068,1069,1,18,'2011-02-23 04:22:56','2011-02-23 04:22:56'),(23,1066,1061,1,18,'2011-02-23 04:23:01','2011-02-23 04:23:01'),(24,1040,1063,1,18,'2011-02-23 04:23:07','2011-02-23 04:23:07'),(25,1066,1061,1,18,'2011-02-23 04:23:14','2011-02-23 04:23:14'),(26,1070,1071,0,18,'2011-02-23 04:23:22','2011-02-23 04:23:22'),(27,1072,1073,1,19,'2011-03-01 04:28:28','2011-03-01 04:28:28'),(28,1074,1075,1,19,'2011-03-01 04:28:38','2011-03-01 04:28:38'),(29,1076,1077,0,19,'2011-03-01 04:28:54','2011-03-01 04:28:54'),(30,1078,1079,1,19,'2011-03-01 04:29:01','2011-03-01 04:29:01'),(31,1080,1081,1,19,'2011-03-01 04:30:47','2011-03-01 04:30:47'),(32,1082,1083,1,19,'2011-03-01 04:30:59','2011-03-01 04:30:59'),(33,1084,1085,0,19,'2011-03-01 04:31:08','2011-03-01 04:31:08'),(34,1086,1087,1,19,'2011-03-01 04:31:16','2011-03-01 04:31:16'),(35,1088,1089,1,19,'2011-03-01 04:31:23','2011-03-01 04:31:23'),(36,1090,1091,1,19,'2011-03-01 04:31:33','2011-03-01 04:31:33'),(37,1092,1093,1,19,'2011-03-01 04:31:40','2011-03-01 04:31:40'),(38,1084,1083,1,19,'2011-03-01 04:31:51','2011-03-01 04:31:51'),(39,1080,1081,1,19,'2011-03-01 04:31:56','2011-03-01 04:31:56'),(40,1093,1094,1,19,'2011-03-01 04:32:03','2011-03-01 04:32:03'),(41,1095,1096,1,19,'2011-03-01 04:32:28','2011-03-01 04:32:28'),(42,1097,1098,1,19,'2011-03-01 04:32:35','2011-03-01 04:32:35'),(43,1100,1101,1,19,'2011-03-01 04:35:03','2011-03-01 04:35:03'),(44,1102,1096,1,19,'2011-03-01 04:35:13','2011-03-01 04:35:13'),(45,1095,1103,1,19,'2011-03-01 04:35:18','2011-03-01 04:35:18'),(46,1103,1095,1,19,'2011-03-01 04:35:23','2011-03-01 04:35:23'),(47,1104,1105,1,19,'2011-03-01 04:35:31','2011-03-01 04:35:31'),(48,1106,1107,1,19,'2011-03-01 04:35:40','2011-03-01 04:35:40'),(49,1108,1109,1,19,'2011-03-01 04:36:38','2011-03-01 04:36:38'),(50,1110,1111,0,19,'2011-03-01 04:36:48','2011-03-01 04:36:48'),(51,1112,1113,1,19,'2011-03-01 04:36:53','2011-03-01 04:36:53'),(52,1112,1105,1,19,'2011-03-01 04:36:58','2011-03-01 04:36:58'),(53,1098,1101,1,19,'2011-03-01 04:37:04','2011-03-01 04:37:04'),(54,1114,1115,0,19,'2011-03-01 04:37:14','2011-03-01 04:37:14'),(55,1078,1116,1,19,'2011-03-01 04:37:32','2011-03-01 04:37:32'),(56,1072,1117,0,19,'2011-03-01 04:37:41','2011-03-01 04:37:41'),(57,1118,1119,1,19,'2011-03-01 04:37:53','2011-03-01 04:37:53'),(58,1117,1116,1,19,'2011-03-01 04:38:07','2011-03-01 04:38:07'),(59,1078,1120,1,19,'2011-03-01 04:38:19','2011-03-01 04:38:19'),(60,1118,1075,1,19,'2011-03-01 04:38:27','2011-03-01 04:38:27'),(61,1121,1122,1,19,'2011-03-01 04:38:38','2011-03-01 04:38:38'),(62,1074,1073,1,19,'2011-03-01 04:38:46','2011-03-01 04:38:46'),(63,1121,1117,1,19,'2011-03-01 04:38:53','2011-03-01 04:38:53'),(64,1122,1116,1,19,'2011-03-01 04:39:03','2011-03-01 04:39:03'),(65,1072,1075,1,19,'2011-03-01 04:39:09','2011-03-01 04:39:09'),(66,1123,1124,1,19,'2011-03-01 04:39:20','2011-03-01 04:39:20'),(67,1073,1075,1,19,'2011-03-01 04:39:31','2011-03-01 04:39:31'),(68,1074,1122,1,19,'2011-03-01 04:39:38','2011-03-01 04:39:38'),(69,1072,1118,1,19,'2011-03-01 04:39:46','2011-03-01 04:39:46'),(70,1078,1093,1,19,'2011-03-01 04:39:50','2011-03-01 04:39:50'),(71,1117,1119,1,19,'2011-03-01 04:39:57','2011-03-01 04:39:57'),(72,1120,1125,1,19,'2011-03-01 04:40:06','2011-03-01 04:40:06'),(73,1116,1126,1,19,'2011-03-01 04:40:19','2011-03-01 04:40:19'),(74,1077,1076,0,19,'2011-03-01 04:40:28','2011-03-01 04:40:28'),(75,1121,1127,1,19,'2011-03-01 04:40:41','2011-03-01 04:40:41'),(76,1128,1129,1,20,'2011-03-18 02:16:22','2011-03-18 02:16:22'),(77,1129,1130,-1,20,'2011-03-18 02:16:40','2011-03-18 02:16:40'),(78,1129,1131,1,20,'2011-03-18 02:16:53','2011-03-18 02:16:53'),(79,1128,1130,1,20,'2011-03-18 02:17:04','2011-03-18 02:17:04'),(80,1128,1132,-1,20,'2011-03-18 02:17:11','2011-03-18 02:17:11'),(81,1128,1133,-1,20,'2011-03-18 02:17:24','2011-03-18 02:17:24'),(82,1130,1132,1,20,'2011-03-18 02:17:38','2011-03-18 02:17:38'),(83,1133,1131,-1,20,'2011-03-18 02:17:53','2011-03-18 02:17:53'),(84,1134,1135,-1,20,'2011-03-18 02:20:42','2011-03-18 02:20:42'),(85,1134,1136,-1,20,'2011-03-18 02:20:51','2011-03-18 02:20:51'),(86,1134,1137,0,20,'2011-03-18 02:21:01','2011-03-18 02:21:01'),(87,1134,1138,1,20,'2011-03-18 02:21:10','2011-03-18 02:21:10'),(88,1135,1136,-1,20,'2011-03-18 02:21:20','2011-03-18 02:21:20'),(89,1135,1139,-1,20,'2011-03-18 02:21:33','2011-03-18 02:21:33'),(90,1135,1137,0,20,'2011-03-18 02:21:48','2011-03-18 02:21:48'),(91,1136,1137,1,20,'2011-03-18 02:21:59','2011-03-18 02:21:59'),(92,1136,1138,-1,20,'2011-03-18 02:22:13','2011-03-18 02:22:13'),(93,1140,1141,1,20,'2011-03-18 02:22:25','2011-03-18 02:22:25'),(94,1140,1142,1,20,'2011-03-18 02:22:33','2011-03-18 02:22:33'),(95,1141,1142,-1,20,'2011-03-18 02:22:53','2011-03-18 02:22:53'),(96,1143,1144,1,20,'2011-03-18 02:23:03','2011-03-18 02:23:03'),(97,1145,1146,0,20,'2011-03-18 02:23:25','2011-03-18 02:23:25'),(98,1145,1147,1,20,'2011-03-18 02:23:35','2011-03-18 02:23:35'),(99,1145,1148,0,20,'2011-03-18 02:23:48','2011-03-18 02:23:48'),(100,1146,1149,-1,20,'2011-03-18 02:24:27','2011-03-18 02:24:27'),(101,1147,1148,-1,20,'2011-03-18 02:24:40','2011-03-18 02:24:40'),(102,1150,1151,-1,20,'2011-03-18 02:25:00','2011-03-18 02:25:00'),(103,1150,1152,0,20,'2011-03-18 02:25:30','2011-03-18 02:25:30'),(104,1150,1153,-1,20,'2011-03-18 02:25:42','2011-03-18 02:25:42'),(105,1151,1154,1,20,'2011-03-18 02:25:58','2011-03-18 02:25:58'),(106,1151,1152,1,20,'2011-03-18 02:26:10','2011-03-18 02:26:10'),(107,1151,1153,-1,20,'2011-03-18 02:26:19','2011-03-18 02:26:19'),(108,1155,1152,-1,20,'2011-03-18 02:26:40','2011-03-18 02:26:40'),(109,1154,1153,-1,20,'2011-03-18 02:26:53','2011-03-18 02:26:53'),(110,1152,1153,1,20,'2011-03-18 02:27:01','2011-03-18 02:27:01'),(111,1156,1157,1,20,'2011-03-18 02:27:10','2011-03-18 02:27:10'),(112,1156,1158,1,20,'2011-03-18 02:27:19','2011-03-18 02:27:19'),(113,1156,1159,1,20,'2011-03-18 02:27:26','2011-03-18 02:27:26'),(114,1157,1159,-1,20,'2011-03-18 02:27:39','2011-03-18 02:27:39'),(115,1160,1161,-1,20,'2011-03-18 02:27:51','2011-03-18 02:27:51'),(116,1160,1159,0,20,'2011-03-18 02:28:01','2011-03-18 02:28:01'),(117,1161,1158,0,20,'2011-03-18 02:28:22','2011-03-18 02:28:22'),(118,1162,1163,1,20,'2011-03-18 02:28:37','2011-03-18 02:28:37'),(119,1162,1164,1,20,'2011-03-18 02:28:46','2011-03-18 02:28:46'),(120,1162,1165,1,20,'2011-03-18 02:28:53','2011-03-18 02:28:53'),(121,1162,1166,1,20,'2011-03-18 02:29:01','2011-03-18 02:29:01'),(122,1163,1165,1,20,'2011-03-18 02:29:07','2011-03-18 02:29:07'),(123,1163,1167,-1,20,'2011-03-18 02:29:19','2011-03-18 02:29:19'),(124,1163,1166,1,20,'2011-03-18 02:29:28','2011-03-18 02:29:28'),(125,1168,1169,1,20,'2011-03-18 02:29:48','2011-03-18 02:29:48'),(126,1168,1170,1,20,'2011-03-18 02:29:53','2011-03-18 02:29:53'),(127,1168,1171,-1,20,'2011-03-18 02:30:00','2011-03-18 02:30:00'),(128,1168,1172,1,20,'2011-03-18 02:30:10','2011-03-18 02:30:10'),(129,1169,1173,1,20,'2011-03-18 02:30:24','2011-03-18 02:30:24'),(130,1169,1171,1,20,'2011-03-18 02:30:33','2011-03-18 02:30:33'),(131,1170,1173,-1,20,'2011-03-18 02:30:45','2011-03-18 02:30:45'),(132,1170,1171,1,20,'2011-03-18 02:30:56','2011-03-18 02:30:56'),(133,1174,1175,-1,20,'2011-03-18 02:31:12','2011-03-18 02:31:12'),(134,1174,1176,1,20,'2011-03-18 02:31:48','2011-03-18 02:31:48'),(135,1174,1177,1,20,'2011-03-18 02:31:54','2011-03-18 02:31:54'),(136,1174,1178,1,20,'2011-03-18 02:32:01','2011-03-18 02:32:01'),(137,1175,1176,1,20,'2011-03-18 02:32:13','2011-03-18 02:32:13'),(138,1175,1177,1,20,'2011-03-18 02:32:19','2011-03-18 02:32:19'),(139,1178,1177,-1,20,'2011-03-18 02:32:34','2011-03-18 02:32:34'),(140,1179,1172,-1,20,'2011-03-18 02:32:47','2011-03-18 02:32:47'),(141,1179,1180,-1,20,'2011-03-18 02:32:57','2011-03-18 02:32:57'),(142,1172,1181,0,20,'2011-03-18 02:33:11','2011-03-18 02:33:11'),(143,1180,1181,1,20,'2011-03-18 02:33:25','2011-03-18 02:33:25'),(144,1182,1183,-1,20,'2011-03-18 02:33:45','2011-03-18 02:33:45'),(145,1182,1184,1,20,'2011-03-18 02:33:54','2011-03-18 02:33:54'),(146,1182,1185,0,20,'2011-03-18 02:34:09','2011-03-18 02:34:09'),(147,1186,1184,1,20,'2011-03-18 02:34:20','2011-03-18 02:34:20'),(148,1186,1187,0,20,'2011-03-18 02:34:38','2011-03-18 02:34:38'),(149,1188,1185,-1,20,'2011-03-18 02:34:53','2011-03-18 02:34:53'),(150,1189,1190,-1,20,'2011-03-18 02:35:10','2011-03-18 02:35:10'),(151,1189,1191,1,20,'2011-03-18 02:35:17','2011-03-18 02:35:17'),(152,1187,1192,-1,20,'2011-03-18 02:35:37','2011-03-18 02:35:37'),(153,1190,1191,1,20,'2011-03-18 02:35:47','2011-03-18 02:35:47'),(154,1192,1193,0,20,'2011-03-18 02:35:59','2011-03-18 02:35:59'),(155,1194,1195,1,20,'2011-03-18 02:36:31','2011-03-18 02:36:31'),(156,1196,1193,-1,20,'2011-03-18 02:36:51','2011-03-18 02:36:51'),(157,1195,1193,-1,20,'2011-03-18 02:37:05','2011-03-18 02:37:05'),(158,1198,1194,1,20,'2011-03-18 02:38:30','2011-03-18 02:38:30'),(159,1198,1196,0,20,'2011-03-18 02:38:43','2011-03-18 02:38:43'),(160,1198,1195,1,20,'2011-03-18 02:39:05','2011-03-18 02:39:05');
/*!40000 ALTER TABLE `games` ENABLE KEYS */;
UNLOCK TABLES;

--
-- Table structure for table `groups`
--

DROP TABLE IF EXISTS `groups`;
/*!40101 SET @saved_cs_client     = @@character_set_client */;
/*!40101 SET character_set_client = utf8 */;
CREATE TABLE `groups` (
  `id` int(11) NOT NULL AUTO_INCREMENT,
  `name` varchar(255) DEFAULT NULL,
  `created_at` datetime DEFAULT NULL,
  `updated_at` datetime DEFAULT NULL,
  `style` varchar(255) DEFAULT NULL,
  `term_id` int(11) DEFAULT NULL,
  PRIMARY KEY (`id`)
) ENGINE=InnoDB AUTO_INCREMENT=7 DEFAULT CHARSET=latin1;
/*!40101 SET character_set_client = @saved_cs_client */;

--
-- Dumping data for table `groups`
--

LOCK TABLES `groups` WRITE;
/*!40000 ALTER TABLE `groups` DISABLE KEYS */;
INSERT INTO `groups` VALUES (1,'Green','2011-02-23 04:01:35','2011-09-01 05:14:46','Green',1),(2,'Blue','2011-02-23 04:01:35','2011-09-01 05:14:46','Blue',1),(3,'Orange','2011-02-23 04:01:35','2011-09-01 05:14:46','Orange',1),(4,'Library','2011-09-19 23:39:03','2011-09-19 23:39:03','Green',3),(5,'Hallway','2011-09-19 23:39:14','2011-09-19 23:39:14','Orange',3),(6,'Tournament','2011-09-19 23:39:32','2011-09-19 23:39:32','Yellow',3);
/*!40000 ALTER TABLE `groups` ENABLE KEYS */;
UNLOCK TABLES;

--
-- Table structure for table `groups_students`
--

DROP TABLE IF EXISTS `groups_students`;
/*!40101 SET @saved_cs_client     = @@character_set_client */;
/*!40101 SET character_set_client = utf8 */;
CREATE TABLE `groups_students` (
  `student_id` int(11) DEFAULT NULL,
  `group_id` int(11) DEFAULT NULL,
  `created_at` datetime DEFAULT NULL,
  `updated_at` datetime DEFAULT NULL
) ENGINE=InnoDB DEFAULT CHARSET=latin1;
/*!40101 SET character_set_client = @saved_cs_client */;

--
-- Dumping data for table `groups_students`
--

LOCK TABLES `groups_students` WRITE;
/*!40000 ALTER TABLE `groups_students` DISABLE KEYS */;
INSERT INTO `groups_students` VALUES (1,2,'2011-02-23 04:01:50','2011-02-23 04:01:50'),(2,3,'2011-02-23 04:01:50','2011-02-23 04:01:50'),(7,3,'2011-02-23 04:01:51','2011-02-23 04:01:51'),(8,3,'2011-02-23 04:01:51','2011-02-23 04:01:51'),(9,3,'2011-02-23 04:01:51','2011-02-23 04:01:51'),(10,2,'2011-02-23 04:01:51','2011-02-23 04:01:51'),(11,3,'2011-02-23 04:01:51','2011-02-23 04:01:51'),(12,1,'2011-02-23 04:01:51','2011-02-23 04:01:51'),(13,2,'2011-02-23 04:01:51','2011-02-23 04:01:51'),(20,1,'2011-02-23 04:01:51','2011-02-23 04:01:51'),(21,1,'2011-02-23 04:01:51','2011-02-23 04:01:51'),(22,1,'2011-02-23 04:01:51','2011-02-23 04:01:51'),(23,2,'2011-02-23 04:01:51','2011-02-23 04:01:51'),(24,1,'2011-02-23 04:01:51','2011-02-23 04:01:51'),(25,2,'2011-02-23 04:01:51','2011-02-23 04:01:51'),(28,1,'2011-02-23 04:01:51','2011-02-23 04:01:51'),(31,3,'2011-02-23 04:01:51','2011-02-23 04:01:51'),(32,1,'2011-02-23 04:01:51','2011-02-23 04:01:51'),(34,3,'2011-02-23 04:01:51','2011-02-23 04:01:51'),(35,1,'2011-02-23 04:01:51','2011-02-23 04:01:51'),(37,3,'2011-02-23 04:01:51','2011-02-23 04:01:51'),(38,2,'2011-02-23 04:01:51','2011-02-23 04:01:51'),(41,2,'2011-02-23 04:01:51','2011-02-23 04:01:51'),(42,2,'2011-02-23 04:01:51','2011-02-23 04:01:51'),(46,2,'2011-02-23 04:01:51','2011-02-23 04:01:51'),(49,1,'2011-02-23 04:01:51','2011-02-23 04:01:51'),(50,1,'2011-02-23 04:01:51','2011-02-23 04:01:51'),(51,3,'2011-02-23 04:01:51','2011-02-23 04:01:51'),(53,2,'2011-02-23 04:01:51','2011-02-23 04:01:51'),(56,1,'2011-02-23 04:01:51','2011-02-23 04:01:51'),(58,3,'2011-02-23 04:01:51','2011-02-23 04:01:51'),(61,2,'2011-02-23 04:01:52','2011-02-23 04:01:52'),(62,3,'2011-02-23 04:01:52','2011-02-23 04:01:52'),(64,3,'2011-02-23 04:01:52','2011-02-23 04:01:52'),(65,3,'2011-02-23 04:01:52','2011-02-23 04:01:52'),(67,3,'2011-02-23 04:01:52','2011-02-23 04:01:52'),(68,3,'2011-02-23 04:01:52','2011-02-23 04:01:52'),(69,2,'2011-02-23 04:01:52','2011-02-23 04:01:52'),(72,1,'2011-02-23 04:01:52','2011-02-23 04:01:52'),(75,1,'2011-02-23 04:01:52','2011-02-23 04:01:52'),(76,1,'2011-02-23 04:01:52','2011-02-23 04:01:52'),(77,3,'2011-02-23 04:01:52','2011-02-23 04:01:52'),(78,3,'2011-02-23 04:01:52','2011-02-23 04:01:52'),(80,1,'2011-02-23 04:01:52','2011-02-23 04:01:52'),(81,2,'2011-02-23 04:01:52','2011-02-23 04:01:52'),(82,3,'2011-02-23 05:59:52','2011-02-23 05:59:52'),(16,2,'2011-02-27 03:33:55','2011-02-27 03:33:55'),(39,1,'2011-02-27 03:34:32','2011-02-27 03:34:32'),(66,1,'2011-02-27 03:35:36','2011-02-27 03:35:36'),(84,3,'2011-03-18 02:37:58','2011-03-18 02:37:58'),(3,5,'2011-09-20 00:15:24','2011-09-20 00:15:24'),(3,6,'2011-09-20 00:15:24','2011-09-20 00:15:24'),(18,5,'2011-09-20 00:19:07','2011-09-20 00:19:07'),(18,6,'2011-09-20 00:19:07','2011-09-20 00:19:07'),(33,5,'2011-09-20 04:56:06','2011-09-20 04:56:06'),(83,5,'2011-09-20 05:13:00','2011-09-20 05:13:00'),(54,5,'2011-09-20 05:15:46','2011-09-20 05:15:46'),(48,5,'2011-09-20 05:16:29','2011-09-20 05:16:29'),(63,5,'2011-09-20 05:20:43','2011-09-20 05:20:43'),(60,5,'2011-09-20 05:22:15','2011-09-20 05:22:15'),(85,4,'2011-09-20 05:25:12','2011-09-20 05:25:12'),(86,4,'2011-09-20 05:35:05','2011-09-20 05:35:05'),(71,5,'2011-09-20 05:36:29','2011-09-20 05:36:29'),(59,5,'2011-09-20 05:38:17','2011-09-20 05:38:17'),(14,5,'2011-09-20 05:39:16','2011-09-20 05:39:16'),(87,4,'2011-09-20 05:41:42','2011-09-20 05:41:42'),(88,4,'2011-09-20 05:44:27','2011-09-20 05:44:27'),(89,4,'2011-09-20 05:44:57','2011-09-20 05:44:57'),(19,5,'2011-09-20 05:45:46','2011-09-20 05:45:46'),(19,6,'2011-09-20 05:45:46','2011-09-20 05:45:46'),(27,5,'2011-09-20 05:47:15','2011-09-20 05:47:15'),(27,6,'2011-09-20 05:47:15','2011-09-20 05:47:15'),(90,4,'2011-09-20 05:48:37','2011-09-20 05:48:37'),(29,5,'2011-09-20 05:50:05','2011-09-20 05:50:05'),(29,6,'2011-09-20 05:50:05','2011-09-20 05:50:05'),(44,5,'2011-09-20 05:51:22','2011-09-20 05:51:22'),(91,4,'2011-09-20 05:54:52','2011-09-20 05:54:52'),(15,5,'2011-09-20 05:56:20','2011-09-20 05:56:20'),(47,5,'2011-09-20 05:57:41','2011-09-20 05:57:41'),(30,5,'2011-09-20 06:01:20','2011-09-20 06:01:20'),(30,6,'2011-09-20 06:01:20','2011-09-20 06:01:20'),(92,4,'2011-09-20 06:05:53','2011-09-20 06:05:53'),(73,5,'2011-09-20 06:08:36','2011-09-20 06:08:36'),(45,5,'2011-09-20 06:10:20','2011-09-20 06:10:20'),(55,5,'2011-09-20 06:11:00','2011-09-20 06:11:00'),(4,5,'2011-09-20 06:11:44','2011-09-20 06:11:44'),(4,6,'2011-09-20 06:11:44','2011-09-20 06:11:44'),(93,4,'2011-09-20 06:13:05','2011-09-20 06:13:05'),(43,5,'2011-09-20 06:14:15','2011-09-20 06:14:15'),(57,5,'2011-09-20 06:15:25','2011-09-20 06:15:25'),(94,4,'2011-09-20 06:19:17','2011-09-20 06:19:17'),(17,5,'2011-09-20 06:20:36','2011-09-20 06:20:36'),(36,5,'2011-09-20 06:21:02','2011-09-20 06:21:02'),(95,4,'2011-09-20 06:22:21','2011-09-20 06:22:21'),(96,4,'2011-09-20 06:24:04','2011-09-20 06:24:04'),(97,4,'2011-09-20 06:25:47','2011-09-20 06:25:47'),(98,4,'2011-09-20 06:27:39','2011-09-20 06:27:39'),(6,5,'2011-09-20 06:28:06','2011-09-20 06:28:06'),(70,5,'2011-09-20 06:29:39','2011-09-20 06:29:39'),(70,6,'2011-09-20 06:29:39','2011-09-20 06:29:39'),(99,4,'2011-09-20 06:32:31','2011-09-20 06:32:31'),(100,4,'2011-09-20 06:33:47','2011-09-20 06:33:47'),(101,4,'2011-09-20 06:34:49','2011-09-20 06:34:49'),(26,5,'2011-09-20 06:35:28','2011-09-20 06:35:28'),(102,5,'2011-09-20 06:37:51','2011-09-20 06:37:51'),(52,5,'2011-09-20 06:39:40','2011-09-20 06:39:40'),(52,6,'2011-09-20 06:39:40','2011-09-20 06:39:40'),(40,5,'2011-09-20 06:47:16','2011-09-20 06:47:16'),(103,4,'2011-09-20 06:47:56','2011-09-20 06:47:56'),(104,4,'2011-09-20 06:49:20','2011-09-20 06:49:20'),(74,5,'2011-09-20 06:50:50','2011-09-20 06:50:50'),(74,6,'2011-09-20 06:50:50','2011-09-20 06:50:50'),(79,5,'2011-09-20 06:52:45','2011-09-20 06:52:45'),(79,6,'2011-09-20 06:52:45','2011-09-20 06:52:45'),(5,5,'2011-09-20 07:01:44','2011-09-20 07:01:44'),(5,6,'2011-09-20 07:01:44','2011-09-20 07:01:44'),(105,4,'2011-09-20 07:02:31','2011-09-20 07:02:31');
/*!40000 ALTER TABLE `groups_students` ENABLE KEYS */;
UNLOCK TABLES;

--
-- Table structure for table `players`
--

DROP TABLE IF EXISTS `players`;
/*!40101 SET @saved_cs_client     = @@character_set_client */;
/*!40101 SET character_set_client = utf8 */;
CREATE TABLE `players` (
  `id` int(11) NOT NULL AUTO_INCREMENT,
  `student_id` int(11) DEFAULT NULL,
  `rating` int(11) DEFAULT NULL,
  `date` datetime DEFAULT NULL,
  `created_at` datetime DEFAULT NULL,
  `updated_at` datetime DEFAULT NULL,
  `event_id` int(11) DEFAULT NULL,
  `delta` int(11) DEFAULT NULL,
  PRIMARY KEY (`id`)
) ENGINE=InnoDB AUTO_INCREMENT=1255 DEFAULT CHARSET=latin1;
/*!40101 SET character_set_client = @saved_cs_client */;

--
-- Dumping data for table `players`
--

LOCK TABLES `players` WRITE;
/*!40000 ALTER TABLE `players` DISABLE KEYS */;
INSERT INTO `players` VALUES (2,1,209,'2011-01-31 00:00:00','2011-02-23 04:01:35','2011-02-23 04:01:47',3,-6),(3,1,215,'2011-01-10 00:00:00','2011-02-23 04:01:35','2011-02-23 04:01:47',4,-6),(6,1,208,'2010-12-06 00:00:00','2011-02-23 04:01:35','2011-02-23 04:01:47',7,7),(7,1,219,'2010-11-29 00:00:00','2011-02-23 04:01:35','2011-02-23 04:01:47',8,-11),(8,1,210,'2010-11-15 00:00:00','2011-02-23 04:01:35','2011-02-23 04:01:47',9,9),(9,1,210,'2010-11-08 00:00:00','2011-02-23 04:01:35','2011-02-23 04:01:35',10,NULL),(10,2,148,'2010-09-01 00:00:00','2011-02-23 04:01:35','2011-02-23 04:01:35',1,NULL),(11,2,171,'2011-02-07 00:00:00','2011-02-23 04:01:35','2011-02-23 04:01:47',2,15),(12,2,164,'2011-01-31 00:00:00','2011-02-23 04:01:35','2011-02-23 04:01:47',3,7),(15,2,148,'2010-12-13 00:00:00','2011-02-23 04:01:35','2011-02-23 04:01:47',6,16),(16,3,579,'2010-09-01 00:00:00','2011-02-23 04:01:35','2011-02-23 04:01:35',1,NULL),(18,3,623,'2011-01-31 00:00:00','2011-02-23 04:01:35','2011-02-23 04:01:47',3,4),(19,3,615,'2011-01-10 00:00:00','2011-02-23 04:01:35','2011-02-23 04:01:47',4,8),(20,3,612,'2011-01-03 00:00:00','2011-02-23 04:01:35','2011-02-23 04:01:47',5,3),(21,3,605,'2010-12-13 00:00:00','2011-02-23 04:01:35','2011-02-23 04:01:47',6,7),(22,3,606,'2010-12-06 00:00:00','2011-02-23 04:01:35','2011-02-23 04:01:47',7,-1),(23,3,594,'2010-11-29 00:00:00','2011-02-23 04:01:35','2011-02-23 04:01:47',8,12),(24,3,600,'2010-11-15 00:00:00','2011-02-23 04:01:35','2011-02-23 04:01:47',9,-6),(25,3,591,'2010-11-08 00:00:00','2011-02-23 04:01:35','2011-02-23 04:01:47',10,9),(26,3,584,'2010-11-01 00:00:00','2011-02-23 04:01:35','2011-02-23 04:01:47',11,7),(27,3,570,'2010-10-25 00:00:00','2011-02-23 04:01:35','2011-02-23 04:01:47',12,14),(28,3,564,'2010-10-18 00:00:00','2011-02-23 04:01:35','2011-02-23 04:01:47',13,6),(29,3,579,'2010-10-11 00:00:00','2011-02-23 04:01:35','2011-02-23 04:01:47',14,-15),(30,3,582,'2010-10-04 00:00:00','2011-02-23 04:01:35','2011-02-23 04:01:47',15,-3),(31,3,579,'2010-09-27 00:00:00','2011-02-23 04:01:35','2011-02-23 04:01:47',16,3),(33,4,377,'2010-09-01 00:00:00','2011-02-23 04:01:35','2011-02-23 04:01:35',1,NULL),(35,4,400,'2011-01-31 00:00:00','2011-02-23 04:01:35','2011-02-23 04:01:47',3,-8),(38,4,399,'2010-12-13 00:00:00','2011-02-23 04:01:35','2011-02-23 04:01:47',6,1),(39,4,401,'2010-12-06 00:00:00','2011-02-23 04:01:35','2011-02-23 04:01:47',7,-2),(40,4,393,'2010-11-29 00:00:00','2011-02-23 04:01:35','2011-02-23 04:01:47',8,8),(44,4,387,'2010-10-25 00:00:00','2011-02-23 04:01:35','2011-02-23 04:01:47',12,6),(45,4,399,'2010-10-18 00:00:00','2011-02-23 04:01:35','2011-02-23 04:01:47',13,-12),(46,4,384,'2010-10-11 00:00:00','2011-02-23 04:01:35','2011-02-23 04:01:47',14,15),(47,4,378,'2010-10-04 00:00:00','2011-02-23 04:01:35','2011-02-23 04:01:47',15,6),(48,4,377,'2010-09-27 00:00:00','2011-02-23 04:01:35','2011-02-23 04:01:47',16,1),(50,5,350,'2010-09-01 00:00:00','2011-02-23 04:01:35','2011-02-23 04:01:35',1,NULL),(52,5,366,'2011-01-31 00:00:00','2011-02-23 04:01:35','2011-02-23 04:01:47',3,4),(53,5,362,'2011-01-10 00:00:00','2011-02-23 04:01:35','2011-02-23 04:01:47',4,4),(54,5,365,'2011-01-03 00:00:00','2011-02-23 04:01:35','2011-02-23 04:01:47',5,-3),(55,5,370,'2010-12-13 00:00:00','2011-02-23 04:01:35','2011-02-23 04:01:47',6,-5),(56,5,382,'2010-12-06 00:00:00','2011-02-23 04:01:35','2011-02-23 04:01:47',7,-12),(58,5,370,'2010-11-15 00:00:00','2011-02-23 04:01:35','2011-02-23 04:01:47',9,12),(59,5,355,'2010-11-08 00:00:00','2011-02-23 04:01:35','2011-02-23 04:01:47',10,15),(60,5,352,'2010-11-01 00:00:00','2011-02-23 04:01:36','2011-02-23 04:01:47',11,3),(61,5,349,'2010-10-25 00:00:00','2011-02-23 04:01:36','2011-02-23 04:01:47',12,3),(62,5,343,'2010-10-18 00:00:00','2011-02-23 04:01:36','2011-02-23 04:01:47',13,6),(63,5,347,'2010-10-11 00:00:00','2011-02-23 04:01:36','2011-02-23 04:01:47',14,-4),(64,5,355,'2010-10-04 00:00:00','2011-02-23 04:01:36','2011-02-23 04:01:47',15,-8),(65,5,350,'2010-09-27 00:00:00','2011-02-23 04:01:36','2011-02-23 04:01:47',16,5),(69,6,153,'2011-01-10 00:00:00','2011-02-23 04:01:36','2011-02-23 04:01:36',4,NULL),(71,7,145,'2011-01-31 00:00:00','2011-02-23 04:01:36','2011-02-23 04:01:47',3,8),(72,7,145,'2011-01-10 00:00:00','2011-02-23 04:01:36','2011-02-23 04:01:36',4,NULL),(73,8,141,'2011-02-07 00:00:00','2011-02-23 04:01:36','2011-02-23 04:01:47',2,-15),(74,8,147,'2011-01-31 00:00:00','2011-02-23 04:01:36','2011-02-23 04:01:47',3,-6),(75,8,147,'2011-01-10 00:00:00','2011-02-23 04:01:36','2011-02-23 04:01:36',4,NULL),(76,9,235,'2010-09-01 00:00:00','2011-02-23 04:01:36','2011-02-23 04:01:36',1,NULL),(84,9,204,'2010-11-15 00:00:00','2011-02-23 04:01:36','2011-02-23 04:01:47',9,-13),(85,9,200,'2010-11-08 00:00:00','2011-02-23 04:01:36','2011-02-23 04:01:47',10,4),(86,9,226,'2010-11-01 00:00:00','2011-02-23 04:01:36','2011-02-23 04:01:47',11,-26),(89,9,238,'2010-10-11 00:00:00','2011-02-23 04:01:36','2011-02-23 04:01:47',14,-12),(91,9,235,'2010-09-27 00:00:00','2011-02-23 04:01:36','2011-02-23 04:01:47',16,3),(93,10,273,'2010-09-01 00:00:00','2011-02-23 04:01:36','2011-02-23 04:01:36',1,NULL),(96,10,226,'2011-01-10 00:00:00','2011-02-23 04:01:36','2011-02-23 04:01:47',4,7),(97,10,223,'2011-01-03 00:00:00','2011-02-23 04:01:36','2011-02-23 04:01:47',5,3),(98,10,215,'2010-12-13 00:00:00','2011-02-23 04:01:36','2011-02-23 04:01:47',6,8),(99,10,225,'2010-12-06 00:00:00','2011-02-23 04:01:36','2011-02-23 04:01:47',7,-10),(100,10,233,'2010-11-29 00:00:00','2011-02-23 04:01:36','2011-02-23 04:01:47',8,-8),(101,10,250,'2010-11-15 00:00:00','2011-02-23 04:01:36','2011-02-23 04:01:47',9,-17),(102,10,260,'2010-11-08 00:00:00','2011-02-23 04:01:36','2011-02-23 04:01:47',10,-10),(104,10,269,'2010-10-25 00:00:00','2011-02-23 04:01:36','2011-02-23 04:01:47',12,-9),(106,10,282,'2010-10-11 00:00:00','2011-02-23 04:01:36','2011-02-23 04:01:47',14,-13),(107,10,283,'2010-10-04 00:00:00','2011-02-23 04:01:36','2011-02-23 04:01:47',15,-1),(108,10,273,'2010-09-27 00:00:00','2011-02-23 04:01:36','2011-02-23 04:01:47',16,10),(110,11,191,'2011-02-07 00:00:00','2011-02-23 04:01:36','2011-02-23 04:01:47',2,6),(112,11,184,'2011-01-10 00:00:00','2011-02-23 04:01:36','2011-02-23 04:01:47',4,7),(115,11,180,'2010-12-06 00:00:00','2011-02-23 04:01:36','2011-02-23 04:01:47',7,4),(116,11,188,'2010-11-29 00:00:00','2011-02-23 04:01:36','2011-02-23 04:01:47',8,-8),(117,11,196,'2010-11-15 00:00:00','2011-02-23 04:01:36','2011-02-23 04:01:47',9,-8),(118,11,185,'2010-11-08 00:00:00','2011-02-23 04:01:36','2011-02-23 04:01:47',10,11),(119,11,200,'2010-11-01 00:00:00','2011-02-23 04:01:36','2011-02-23 04:01:47',11,-15),(121,11,206,'2010-10-18 00:00:00','2011-02-23 04:01:36','2011-02-23 04:01:47',13,-6),(122,11,202,'2010-10-11 00:00:00','2011-02-23 04:01:36','2011-02-23 04:01:47',14,4),(123,11,200,'2010-10-04 00:00:00','2011-02-23 04:01:36','2011-02-23 04:01:47',15,2),(125,11,200,'2010-09-20 00:00:00','2011-02-23 04:01:36','2011-02-23 04:01:36',17,NULL),(126,12,505,'2010-09-01 00:00:00','2011-02-23 04:01:36','2011-02-23 04:01:36',1,NULL),(132,12,500,'2010-12-06 00:00:00','2011-02-23 04:01:36','2011-02-23 04:01:47',7,12),(133,12,486,'2010-11-29 00:00:00','2011-02-23 04:01:36','2011-02-23 04:01:47',8,14),(134,12,499,'2010-11-15 00:00:00','2011-02-23 04:01:36','2011-02-23 04:01:47',9,-13),(135,12,490,'2010-11-08 00:00:00','2011-02-23 04:01:36','2011-02-23 04:01:47',10,9),(136,12,488,'2010-11-01 00:00:00','2011-02-23 04:01:36','2011-02-23 04:01:47',11,2),(137,12,481,'2010-10-25 00:00:00','2011-02-23 04:01:36','2011-02-23 04:01:47',12,7),(138,12,474,'2010-10-18 00:00:00','2011-02-23 04:01:36','2011-02-23 04:01:47',13,7),(139,12,493,'2010-10-11 00:00:00','2011-02-23 04:01:36','2011-02-23 04:01:47',14,-19),(140,12,501,'2010-10-04 00:00:00','2011-02-23 04:01:36','2011-02-23 04:01:47',15,-8),(141,12,505,'2010-09-27 00:00:00','2011-02-23 04:01:36','2011-02-23 04:01:47',16,-4),(144,13,220,'2011-01-31 00:00:00','2011-02-23 04:01:36','2011-02-23 04:01:47',3,-4),(145,13,223,'2011-01-10 00:00:00','2011-02-23 04:01:36','2011-02-23 04:01:47',4,-3),(146,13,207,'2011-01-03 00:00:00','2011-02-23 04:01:36','2011-02-23 04:01:47',5,16),(147,13,200,'2010-12-13 00:00:00','2011-02-23 04:01:36','2011-02-23 04:01:47',6,7),(148,13,192,'2010-12-06 00:00:00','2011-02-23 04:01:36','2011-02-23 04:01:47',7,8),(149,13,182,'2010-11-29 00:00:00','2011-02-23 04:01:36','2011-02-23 04:01:47',8,10),(150,13,192,'2010-11-15 00:00:00','2011-02-23 04:01:36','2011-02-23 04:01:47',9,-10),(151,13,195,'2010-11-08 00:00:00','2011-02-23 04:01:37','2011-02-23 04:01:47',10,-3),(152,13,191,'2010-11-01 00:00:00','2011-02-23 04:01:37','2011-02-23 04:01:47',11,4),(153,13,200,'2010-10-25 00:00:00','2011-02-23 04:01:37','2011-02-23 04:01:47',12,-9),(154,13,200,'2010-10-18 00:00:00','2011-02-23 04:01:37','2011-02-23 04:01:37',13,NULL),(155,14,324,'2010-09-01 00:00:00','2011-02-23 04:01:37','2011-02-23 04:01:37',1,NULL),(156,14,197,'2011-02-07 00:00:00','2011-02-23 04:01:37','2011-02-23 04:01:47',2,-14),(157,14,207,'2011-01-31 00:00:00','2011-02-23 04:01:37','2011-02-23 04:01:47',3,-10),(158,14,219,'2011-01-10 00:00:00','2011-02-23 04:01:37','2011-02-23 04:01:47',4,-12),(159,14,231,'2011-01-03 00:00:00','2011-02-23 04:01:37','2011-02-23 04:01:47',5,-12),(160,14,240,'2010-12-13 00:00:00','2011-02-23 04:01:37','2011-02-23 04:01:47',6,-9),(161,14,246,'2010-12-06 00:00:00','2011-02-23 04:01:37','2011-02-23 04:01:47',7,-6),(162,14,254,'2010-11-29 00:00:00','2011-02-23 04:01:37','2011-02-23 04:01:47',8,-8),(163,14,246,'2010-11-15 00:00:00','2011-02-23 04:01:37','2011-02-23 04:01:47',9,8),(164,14,278,'2010-11-08 00:00:00','2011-02-23 04:01:37','2011-02-23 04:01:47',10,-32),(165,14,287,'2010-11-01 00:00:00','2011-02-23 04:01:37','2011-02-23 04:01:47',11,-9),(166,14,297,'2010-10-25 00:00:00','2011-02-23 04:01:37','2011-02-23 04:01:47',12,-10),(167,14,309,'2010-10-18 00:00:00','2011-02-23 04:01:37','2011-02-23 04:01:47',13,-12),(168,14,333,'2010-10-11 00:00:00','2011-02-23 04:01:37','2011-02-23 04:01:47',14,-24),(169,14,324,'2010-10-04 00:00:00','2011-02-23 04:01:37','2011-02-23 04:01:47',15,9),(174,15,154,'2011-01-10 00:00:00','2011-02-23 04:01:37','2011-02-23 04:01:47',4,8),(176,15,162,'2010-12-13 00:00:00','2011-02-23 04:01:37','2011-02-23 04:01:47',6,-8),(177,15,170,'2010-12-06 00:00:00','2011-02-23 04:01:37','2011-02-23 04:01:47',7,-8),(178,15,170,'2010-11-29 00:00:00','2011-02-23 04:01:37','2011-02-23 04:01:37',8,NULL),(179,16,305,'2010-09-01 00:00:00','2011-02-23 04:01:37','2011-02-23 04:01:37',1,NULL),(184,16,344,'2010-12-13 00:00:00','2011-02-23 04:01:37','2011-02-23 04:01:47',6,7),(185,16,340,'2010-12-06 00:00:00','2011-02-23 04:01:37','2011-02-23 04:01:47',7,4),(188,16,344,'2010-11-08 00:00:00','2011-02-23 04:01:37','2011-02-23 04:01:47',10,-4),(189,16,322,'2010-11-01 00:00:00','2011-02-23 04:01:37','2011-02-23 04:01:47',11,22),(190,16,314,'2010-10-25 00:00:00','2011-02-23 04:01:37','2011-02-23 04:01:47',12,8),(191,16,304,'2010-10-18 00:00:00','2011-02-23 04:01:37','2011-02-23 04:01:47',13,10),(192,16,313,'2010-10-11 00:00:00','2011-02-23 04:01:37','2011-02-23 04:01:47',14,-9),(193,16,312,'2010-10-04 00:00:00','2011-02-23 04:01:37','2011-02-23 04:01:47',15,1),(194,16,305,'2010-09-27 00:00:00','2011-02-23 04:01:37','2011-02-23 04:01:47',16,7),(197,17,148,'2011-01-31 00:00:00','2011-02-23 04:01:37','2011-02-23 04:01:47',3,-4),(198,17,162,'2011-01-10 00:00:00','2011-02-23 04:01:37','2011-02-23 04:01:47',4,-14),(199,17,167,'2011-01-03 00:00:00','2011-02-23 04:01:37','2011-02-23 04:01:47',5,-5),(200,17,171,'2010-12-13 00:00:00','2011-02-23 04:01:37','2011-02-23 04:01:47',6,-4),(201,17,171,'2010-12-06 00:00:00','2011-02-23 04:01:37','2011-02-23 04:01:37',7,NULL),(203,18,284,'2011-01-31 00:00:00','2011-02-23 04:01:37','2011-02-23 04:01:47',3,-5),(204,18,272,'2011-01-10 00:00:00','2011-02-23 04:01:37','2011-02-23 04:01:47',4,12),(206,18,278,'2010-12-13 00:00:00','2011-02-23 04:01:37','2011-02-23 04:01:47',6,-6),(207,18,267,'2010-12-06 00:00:00','2011-02-23 04:01:37','2011-02-23 04:01:47',7,11),(208,18,256,'2010-11-29 00:00:00','2011-02-23 04:01:37','2011-02-23 04:01:47',8,11),(209,18,265,'2010-11-15 00:00:00','2011-02-23 04:01:37','2011-02-23 04:01:47',9,-9),(210,18,253,'2010-11-08 00:00:00','2011-02-23 04:01:37','2011-02-23 04:01:47',10,12),(211,18,251,'2010-11-01 00:00:00','2011-02-23 04:01:37','2011-02-23 04:01:47',11,2),(212,18,250,'2010-10-25 00:00:00','2011-02-23 04:01:37','2011-02-23 04:01:47',12,1),(213,18,250,'2010-10-18 00:00:00','2011-02-23 04:01:37','2011-02-23 04:01:37',13,NULL),(214,19,526,'2010-09-01 00:00:00','2011-02-23 04:01:37','2011-02-23 04:01:37',1,NULL),(216,19,595,'2011-01-31 00:00:00','2011-02-23 04:01:37','2011-02-23 04:01:47',3,12),(218,19,583,'2011-01-03 00:00:00','2011-02-23 04:01:37','2011-02-23 04:01:47',5,12),(219,19,588,'2010-12-13 00:00:00','2011-02-23 04:01:38','2011-02-23 04:01:47',6,-5),(220,19,584,'2010-12-06 00:00:00','2011-02-23 04:01:38','2011-02-23 04:01:47',7,4),(221,19,572,'2010-11-29 00:00:00','2011-02-23 04:01:38','2011-02-23 04:01:47',8,12),(222,19,565,'2010-11-15 00:00:00','2011-02-23 04:01:38','2011-02-23 04:01:47',9,7),(223,19,538,'2010-11-08 00:00:00','2011-02-23 04:01:38','2011-02-23 04:01:47',10,27),(224,19,528,'2010-11-01 00:00:00','2011-02-23 04:01:38','2011-02-23 04:01:47',11,10),(225,19,516,'2010-10-25 00:00:00','2011-02-23 04:01:38','2011-02-23 04:01:47',12,12),(226,19,527,'2010-10-18 00:00:00','2011-02-23 04:01:38','2011-02-23 04:01:47',13,-11),(227,19,508,'2010-10-11 00:00:00','2011-02-23 04:01:38','2011-02-23 04:01:47',14,19),(228,19,514,'2010-10-04 00:00:00','2011-02-23 04:01:38','2011-02-23 04:01:47',15,-6),(229,19,526,'2010-09-27 00:00:00','2011-02-23 04:01:38','2011-02-23 04:01:47',16,-12),(231,20,339,'2010-09-01 00:00:00','2011-02-23 04:01:38','2011-02-23 04:01:38',1,NULL),(232,20,406,'2011-02-07 00:00:00','2011-02-23 04:01:38','2011-02-23 04:01:47',2,-9),(233,20,408,'2011-01-31 00:00:00','2011-02-23 04:01:38','2011-02-23 04:01:47',3,-2),(234,20,415,'2011-01-10 00:00:00','2011-02-23 04:01:38','2011-02-23 04:01:47',4,-7),(236,20,422,'2010-12-13 00:00:00','2011-02-23 04:01:38','2011-02-23 04:01:47',6,-7),(237,20,430,'2010-12-06 00:00:00','2011-02-23 04:01:38','2011-02-23 04:01:47',7,-8),(238,20,438,'2010-11-29 00:00:00','2011-02-23 04:01:38','2011-02-23 04:01:47',8,-8),(239,20,432,'2010-11-15 00:00:00','2011-02-23 04:01:38','2011-02-23 04:01:48',9,6),(240,20,422,'2010-11-08 00:00:00','2011-02-23 04:01:38','2011-02-23 04:01:48',10,10),(241,20,404,'2010-11-01 00:00:00','2011-02-23 04:01:38','2011-02-23 04:01:48',11,18),(242,20,388,'2010-10-25 00:00:00','2011-02-23 04:01:38','2011-02-23 04:01:48',12,16),(243,20,371,'2010-10-18 00:00:00','2011-02-23 04:01:38','2011-02-23 04:01:48',13,17),(244,20,350,'2010-10-11 00:00:00','2011-02-23 04:01:38','2011-02-23 04:01:48',14,21),(245,20,351,'2010-10-04 00:00:00','2011-02-23 04:01:38','2011-02-23 04:01:48',15,-1),(246,20,339,'2010-09-27 00:00:00','2011-02-23 04:01:38','2011-02-23 04:01:48',16,12),(248,21,587,'2010-09-01 00:00:00','2011-02-23 04:01:38','2011-02-23 04:01:38',1,NULL),(250,21,521,'2011-01-31 00:00:00','2011-02-23 04:01:38','2011-02-23 04:01:48',3,8),(251,21,542,'2011-01-10 00:00:00','2011-02-23 04:01:38','2011-02-23 04:01:48',4,-21),(252,21,540,'2011-01-03 00:00:00','2011-02-23 04:01:38','2011-02-23 04:01:48',5,2),(253,21,539,'2010-12-13 00:00:00','2011-02-23 04:01:38','2011-02-23 04:01:48',6,1),(254,21,553,'2010-12-06 00:00:00','2011-02-23 04:01:38','2011-02-23 04:01:48',7,-14),(256,21,547,'2010-11-15 00:00:00','2011-02-23 04:01:38','2011-02-23 04:01:48',9,6),(257,21,559,'2010-11-08 00:00:00','2011-02-23 04:01:38','2011-02-23 04:01:48',10,-12),(258,21,570,'2010-11-01 00:00:00','2011-02-23 04:01:38','2011-02-23 04:01:48',11,-11),(259,21,574,'2010-10-25 00:00:00','2011-02-23 04:01:38','2011-02-23 04:01:48',12,-4),(260,21,581,'2010-10-18 00:00:00','2011-02-23 04:01:38','2011-02-23 04:01:48',13,-7),(261,21,574,'2010-10-11 00:00:00','2011-02-23 04:01:38','2011-02-23 04:01:48',14,7),(262,21,575,'2010-10-04 00:00:00','2011-02-23 04:01:38','2011-02-23 04:01:48',15,-1),(263,21,587,'2010-09-27 00:00:00','2011-02-23 04:01:38','2011-02-23 04:01:48',16,-12),(265,22,506,'2010-09-01 00:00:00','2011-02-23 04:01:38','2011-02-23 04:01:38',1,NULL),(268,22,478,'2011-01-10 00:00:00','2011-02-23 04:01:38','2011-02-23 04:01:48',4,-13),(269,22,481,'2011-01-03 00:00:00','2011-02-23 04:01:38','2011-02-23 04:01:48',5,-3),(271,22,477,'2010-12-06 00:00:00','2011-02-23 04:01:38','2011-02-23 04:01:48',7,4),(272,22,482,'2010-11-29 00:00:00','2011-02-23 04:01:38','2011-02-23 04:01:48',8,-5),(274,22,498,'2010-11-08 00:00:00','2011-02-23 04:01:38','2011-02-23 04:01:48',10,-16),(275,22,492,'2010-11-01 00:00:00','2011-02-23 04:01:38','2011-02-23 04:01:48',11,6),(276,22,495,'2010-10-25 00:00:00','2011-02-23 04:01:38','2011-02-23 04:01:48',12,-3),(277,22,488,'2010-10-18 00:00:00','2011-02-23 04:01:38','2011-02-23 04:01:48',13,7),(279,22,491,'2010-10-04 00:00:00','2011-02-23 04:01:38','2011-02-23 04:01:48',15,-3),(280,22,506,'2010-09-27 00:00:00','2011-02-23 04:01:38','2011-02-23 04:01:48',16,-15),(284,23,279,'2011-01-10 00:00:00','2011-02-23 04:01:38','2011-02-23 04:01:48',4,-10),(286,23,286,'2010-12-13 00:00:00','2011-02-23 04:01:38','2011-02-23 04:01:48',6,-7),(287,23,296,'2010-12-06 00:00:00','2011-02-23 04:01:38','2011-02-23 04:01:48',7,-10),(290,23,304,'2010-11-08 00:00:00','2011-02-23 04:01:38','2011-02-23 04:01:48',10,-8),(291,23,298,'2010-11-01 00:00:00','2011-02-23 04:01:38','2011-02-23 04:01:48',11,6),(292,23,300,'2010-10-25 00:00:00','2011-02-23 04:01:38','2011-02-23 04:01:48',12,-2),(293,23,300,'2010-10-18 00:00:00','2011-02-23 04:01:38','2011-02-23 04:01:38',13,NULL),(294,24,383,'2010-09-01 00:00:00','2011-02-23 04:01:38','2011-02-23 04:01:39',1,NULL),(296,24,453,'2011-01-31 00:00:00','2011-02-23 04:01:39','2011-02-23 04:01:48',3,6),(297,24,431,'2011-01-10 00:00:00','2011-02-23 04:01:39','2011-02-23 04:01:48',4,22),(299,24,435,'2010-12-13 00:00:00','2011-02-23 04:01:39','2011-02-23 04:01:48',6,-4),(300,24,431,'2010-12-06 00:00:00','2011-02-23 04:01:39','2011-02-23 04:01:48',7,4),(301,24,415,'2010-11-29 00:00:00','2011-02-23 04:01:39','2011-02-23 04:01:48',8,16),(302,24,420,'2010-11-15 00:00:00','2011-02-23 04:01:39','2011-02-23 04:01:48',9,-5),(303,24,401,'2010-11-08 00:00:00','2011-02-23 04:01:39','2011-02-23 04:01:48',10,19),(304,24,400,'2010-11-01 00:00:00','2011-02-23 04:01:39','2011-02-23 04:01:48',11,1),(305,24,380,'2010-10-25 00:00:00','2011-02-23 04:01:39','2011-02-23 04:01:48',12,20),(306,24,387,'2010-10-18 00:00:00','2011-02-23 04:01:39','2011-02-23 04:01:48',13,-7),(307,24,381,'2010-10-11 00:00:00','2011-02-23 04:01:39','2011-02-23 04:01:48',14,6),(308,24,384,'2010-10-04 00:00:00','2011-02-23 04:01:39','2011-02-23 04:01:48',15,-3),(309,24,383,'2010-09-27 00:00:00','2011-02-23 04:01:39','2011-02-23 04:01:48',16,1),(316,25,288,'2010-12-06 00:00:00','2011-02-23 04:01:39','2011-02-23 04:01:48',7,3),(317,25,280,'2010-11-29 00:00:00','2011-02-23 04:01:39','2011-02-23 04:01:48',8,8),(318,25,291,'2010-11-15 00:00:00','2011-02-23 04:01:39','2011-02-23 04:01:48',9,-11),(319,25,301,'2010-11-08 00:00:00','2011-02-23 04:01:39','2011-02-23 04:01:48',10,-10),(320,25,327,'2010-11-01 00:00:00','2011-02-23 04:01:39','2011-02-23 04:01:48',11,-26),(321,25,350,'2010-10-25 00:00:00','2011-02-23 04:01:39','2011-02-23 04:01:48',12,-23),(322,25,350,'2010-10-18 00:00:00','2011-02-23 04:01:39','2011-02-23 04:01:39',13,NULL),(323,26,446,'2010-09-01 00:00:00','2011-02-23 04:01:39','2011-02-23 04:01:39',1,NULL),(329,26,443,'2010-12-06 00:00:00','2011-02-23 04:01:39','2011-02-23 04:01:48',7,-11),(331,26,449,'2010-11-15 00:00:00','2011-02-23 04:01:39','2011-02-23 04:01:48',9,-6),(332,26,453,'2010-11-08 00:00:00','2011-02-23 04:01:39','2011-02-23 04:01:48',10,-4),(333,26,460,'2010-11-01 00:00:00','2011-02-23 04:01:39','2011-02-23 04:01:48',11,-7),(334,26,458,'2010-10-25 00:00:00','2011-02-23 04:01:39','2011-02-23 04:01:48',12,2),(335,26,440,'2010-10-18 00:00:00','2011-02-23 04:01:39','2011-02-23 04:01:48',13,18),(336,26,451,'2010-10-11 00:00:00','2011-02-23 04:01:39','2011-02-23 04:01:48',14,-11),(337,26,444,'2010-10-04 00:00:00','2011-02-23 04:01:39','2011-02-23 04:01:48',15,7),(338,26,446,'2010-09-27 00:00:00','2011-02-23 04:01:39','2011-02-23 04:01:48',16,-2),(340,27,646,'2010-09-01 00:00:00','2011-02-23 04:01:39','2011-02-23 04:01:39',1,NULL),(342,27,696,'2011-01-31 00:00:00','2011-02-23 04:01:39','2011-02-23 04:01:48',3,3),(343,27,691,'2011-01-10 00:00:00','2011-02-23 04:01:39','2011-02-23 04:01:48',4,5),(344,27,687,'2011-01-03 00:00:00','2011-02-23 04:01:39','2011-02-23 04:01:48',5,4),(345,27,693,'2010-12-13 00:00:00','2011-02-23 04:01:39','2011-02-23 04:01:48',6,-6),(346,27,695,'2010-12-06 00:00:00','2011-02-23 04:01:39','2011-02-23 04:01:48',7,-2),(347,27,706,'2010-11-29 00:00:00','2011-02-23 04:01:39','2011-02-23 04:01:48',8,-11),(348,27,698,'2010-11-15 00:00:00','2011-02-23 04:01:39','2011-02-23 04:01:48',9,8),(349,27,686,'2010-11-08 00:00:00','2011-02-23 04:01:39','2011-02-23 04:01:48',10,12),(350,27,690,'2010-11-01 00:00:00','2011-02-23 04:01:39','2011-02-23 04:01:48',11,-4),(351,27,674,'2010-10-25 00:00:00','2011-02-23 04:01:39','2011-02-23 04:01:48',12,16),(352,27,673,'2010-10-18 00:00:00','2011-02-23 04:01:39','2011-02-23 04:01:48',13,1),(353,27,665,'2010-10-11 00:00:00','2011-02-23 04:01:39','2011-02-23 04:01:48',14,8),(354,27,653,'2010-10-04 00:00:00','2011-02-23 04:01:39','2011-02-23 04:01:48',15,12),(355,27,646,'2010-09-27 00:00:00','2011-02-23 04:01:39','2011-02-23 04:01:48',16,7),(357,28,750,'2010-09-01 00:00:00','2011-02-23 04:01:39','2011-02-23 04:01:39',1,NULL),(362,28,745,'2010-12-13 00:00:00','2011-02-23 04:01:39','2011-02-23 04:01:48',6,9),(363,28,741,'2010-12-06 00:00:00','2011-02-23 04:01:39','2011-02-23 04:01:48',7,4),(364,28,731,'2010-11-29 00:00:00','2011-02-23 04:01:39','2011-02-23 04:01:48',8,10),(365,28,725,'2010-11-15 00:00:00','2011-02-23 04:01:39','2011-02-23 04:01:48',9,6),(366,28,716,'2010-11-08 00:00:00','2011-02-23 04:01:39','2011-02-23 04:01:48',10,9),(367,28,723,'2010-11-01 00:00:00','2011-02-23 04:01:39','2011-02-23 04:01:48',11,-7),(368,28,734,'2010-10-25 00:00:00','2011-02-23 04:01:39','2011-02-23 04:01:48',12,-11),(370,28,748,'2010-10-11 00:00:00','2011-02-23 04:01:39','2011-02-23 04:01:48',14,-14),(371,28,758,'2010-10-04 00:00:00','2011-02-23 04:01:39','2011-02-23 04:01:48',15,-10),(372,28,750,'2010-09-27 00:00:00','2011-02-23 04:01:39','2011-02-23 04:01:48',16,8),(374,29,600,'2010-09-01 00:00:00','2011-02-23 04:01:39','2011-02-23 04:01:39',1,NULL),(376,29,624,'2011-01-31 00:00:00','2011-02-23 04:01:39','2011-02-23 04:01:48',3,-6),(377,29,619,'2011-01-10 00:00:00','2011-02-23 04:01:39','2011-02-23 04:01:48',4,5),(379,29,618,'2010-12-13 00:00:00','2011-02-23 04:01:39','2011-02-23 04:01:48',6,1),(380,29,600,'2010-12-06 00:00:00','2011-02-23 04:01:39','2011-02-23 04:01:48',7,18),(381,29,603,'2010-11-29 00:00:00','2011-02-23 04:01:39','2011-02-23 04:01:48',8,-3),(382,29,610,'2010-11-15 00:00:00','2011-02-23 04:01:39','2011-02-23 04:01:48',9,-7),(383,29,623,'2010-11-08 00:00:00','2011-02-23 04:01:39','2011-02-23 04:01:48',10,-13),(384,29,613,'2010-11-01 00:00:00','2011-02-23 04:01:39','2011-02-23 04:01:48',11,10),(385,29,634,'2010-10-25 00:00:00','2011-02-23 04:01:39','2011-02-23 04:01:48',12,-21),(386,29,628,'2010-10-18 00:00:00','2011-02-23 04:01:39','2011-02-23 04:01:48',13,6),(387,29,614,'2010-10-11 00:00:00','2011-02-23 04:01:39','2011-02-23 04:01:48',14,14),(388,29,616,'2010-10-04 00:00:00','2011-02-23 04:01:39','2011-02-23 04:01:48',15,-2),(389,29,600,'2010-09-27 00:00:00','2011-02-23 04:01:39','2011-02-23 04:01:48',16,16),(392,30,370,'2011-01-31 00:00:00','2011-02-23 04:01:40','2011-02-23 04:01:48',3,8),(393,30,345,'2011-01-10 00:00:00','2011-02-23 04:01:40','2011-02-23 04:01:48',4,25),(394,30,341,'2011-01-03 00:00:00','2011-02-23 04:01:40','2011-02-23 04:01:48',5,4),(395,30,317,'2010-12-13 00:00:00','2011-02-23 04:01:40','2011-02-23 04:01:48',6,24),(396,30,299,'2010-12-06 00:00:00','2011-02-23 04:01:40','2011-02-23 04:01:48',7,18),(397,30,280,'2010-11-29 00:00:00','2011-02-23 04:01:40','2011-02-23 04:01:48',8,19),(398,30,268,'2010-11-15 00:00:00','2011-02-23 04:01:40','2011-02-23 04:01:48',9,12),(399,30,267,'2010-11-08 00:00:00','2011-02-23 04:01:40','2011-02-23 04:01:48',10,1),(400,30,265,'2010-11-01 00:00:00','2011-02-23 04:01:40','2011-02-23 04:01:48',11,2),(401,30,277,'2010-10-25 00:00:00','2011-02-23 04:01:40','2011-02-23 04:01:48',12,-12),(402,30,289,'2010-10-18 00:00:00','2011-02-23 04:01:40','2011-02-23 04:01:48',13,-12),(403,30,279,'2010-10-11 00:00:00','2011-02-23 04:01:40','2011-02-23 04:01:48',14,10),(404,30,289,'2010-10-04 00:00:00','2011-02-23 04:01:40','2011-02-23 04:01:48',15,-10),(405,30,300,'2010-09-27 00:00:00','2011-02-23 04:01:40','2011-02-23 04:01:48',16,-11),(406,30,300,'2010-09-20 00:00:00','2011-02-23 04:01:40','2011-02-23 04:01:40',17,NULL),(408,31,165,'2011-01-31 00:00:00','2011-02-23 04:01:40','2011-02-23 04:01:48',3,8),(409,31,164,'2011-01-10 00:00:00','2011-02-23 04:01:40','2011-02-23 04:01:48',4,1),(411,31,156,'2010-12-13 00:00:00','2011-02-23 04:01:40','2011-02-23 04:01:48',6,8),(412,31,170,'2010-12-06 00:00:00','2011-02-23 04:01:40','2011-02-23 04:01:48',7,-14),(413,31,170,'2010-11-29 00:00:00','2011-02-23 04:01:40','2011-02-23 04:01:40',8,NULL),(414,32,350,'2010-09-01 00:00:00','2011-02-23 04:01:40','2011-02-23 04:01:40',1,NULL),(419,32,357,'2010-12-13 00:00:00','2011-02-23 04:01:40','2011-02-23 04:01:48',6,10),(422,32,351,'2010-11-15 00:00:00','2011-02-23 04:01:40','2011-02-23 04:01:48',9,6),(423,32,352,'2010-11-08 00:00:00','2011-02-23 04:01:40','2011-02-23 04:01:48',10,-1),(424,32,349,'2010-11-01 00:00:00','2011-02-23 04:01:40','2011-02-23 04:01:48',11,3),(425,32,353,'2010-10-25 00:00:00','2011-02-23 04:01:40','2011-02-23 04:01:48',12,-4),(426,32,371,'2010-10-18 00:00:00','2011-02-23 04:01:40','2011-02-23 04:01:48',13,-18),(427,32,364,'2010-10-11 00:00:00','2011-02-23 04:01:40','2011-02-23 04:01:48',14,7),(428,32,354,'2010-10-04 00:00:00','2011-02-23 04:01:40','2011-02-23 04:01:48',15,10),(429,32,350,'2010-09-27 00:00:00','2011-02-23 04:01:40','2011-02-23 04:01:48',16,4),(432,33,178,'2011-01-31 00:00:00','2011-02-23 04:01:40','2011-02-23 04:01:48',3,-8),(433,33,179,'2011-01-10 00:00:00','2011-02-23 04:01:40','2011-02-23 04:01:48',4,-1),(436,33,179,'2010-12-06 00:00:00','2011-02-23 04:01:40','2011-02-23 04:01:40',7,NULL),(441,34,179,'2010-12-13 00:00:00','2011-02-23 04:01:40','2011-02-23 04:01:48',6,-11),(442,34,181,'2010-12-06 00:00:00','2011-02-23 04:01:40','2011-02-23 04:01:48',7,-2),(443,34,181,'2010-11-29 00:00:00','2011-02-23 04:01:40','2011-02-23 04:01:40',8,NULL),(444,35,421,'2010-09-01 00:00:00','2011-02-23 04:01:40','2011-02-23 04:01:40',1,NULL),(445,35,447,'2011-02-07 00:00:00','2011-02-23 04:01:40','2011-02-23 04:01:48',2,-7),(447,35,450,'2011-01-10 00:00:00','2011-02-23 04:01:40','2011-02-23 04:01:48',4,-3),(449,35,458,'2010-12-13 00:00:00','2011-02-23 04:01:40','2011-02-23 04:01:48',6,-8),(450,35,451,'2010-12-06 00:00:00','2011-02-23 04:01:40','2011-02-23 04:01:48',7,7),(451,35,432,'2010-11-29 00:00:00','2011-02-23 04:01:40','2011-02-23 04:01:48',8,19),(452,35,423,'2010-11-15 00:00:00','2011-02-23 04:01:40','2011-02-23 04:01:48',9,9),(453,35,415,'2010-11-08 00:00:00','2011-02-23 04:01:40','2011-02-23 04:01:48',10,8),(454,35,406,'2010-11-01 00:00:00','2011-02-23 04:01:40','2011-02-23 04:01:48',11,9),(455,35,415,'2010-10-25 00:00:00','2011-02-23 04:01:40','2011-02-23 04:01:48',12,-9),(456,35,398,'2010-10-18 00:00:00','2011-02-23 04:01:40','2011-02-23 04:01:48',13,17),(457,35,403,'2010-10-11 00:00:00','2011-02-23 04:01:40','2011-02-23 04:01:48',14,-5),(458,35,410,'2010-10-04 00:00:00','2011-02-23 04:01:40','2011-02-23 04:01:48',15,-7),(459,35,421,'2010-09-27 00:00:00','2011-02-23 04:01:40','2011-02-23 04:01:48',16,-11),(461,36,183,'2011-02-07 00:00:00','2011-02-23 04:01:40','2011-02-23 04:01:48',2,2),(462,36,188,'2011-01-31 00:00:00','2011-02-23 04:01:40','2011-02-23 04:01:48',3,-5),(463,36,193,'2011-01-10 00:00:00','2011-02-23 04:01:40','2011-02-23 04:01:48',4,-5),(464,36,202,'2011-01-03 00:00:00','2011-02-23 04:01:40','2011-02-23 04:01:48',5,-9),(466,36,222,'2010-12-06 00:00:00','2011-02-23 04:01:40','2011-02-23 04:01:48',7,-20),(467,36,238,'2010-11-29 00:00:00','2011-02-23 04:01:40','2011-02-23 04:01:48',8,-16),(468,36,255,'2010-11-15 00:00:00','2011-02-23 04:01:40','2011-02-23 04:01:48',9,-17),(469,36,258,'2010-11-08 00:00:00','2011-02-23 04:01:40','2011-02-23 04:01:48',10,-3),(470,36,267,'2010-11-01 00:00:00','2011-02-23 04:01:40','2011-02-23 04:01:48',11,-9),(471,36,300,'2010-10-25 00:00:00','2011-02-23 04:01:40','2011-02-23 04:01:48',12,-33),(472,36,300,'2010-10-18 00:00:00','2011-02-23 04:01:40','2011-02-23 04:01:40',13,NULL),(475,37,160,'2011-01-10 00:00:00','2011-02-23 04:01:40','2011-02-23 04:01:40',4,NULL),(479,38,241,'2011-01-03 00:00:00','2011-02-23 04:01:40','2011-02-23 04:01:48',5,-7),(480,38,262,'2010-12-13 00:00:00','2011-02-23 04:01:40','2011-02-23 04:01:48',6,-21),(481,38,269,'2010-12-06 00:00:00','2011-02-23 04:01:40','2011-02-23 04:01:48',7,-7),(482,38,279,'2010-11-29 00:00:00','2011-02-23 04:01:41','2011-02-23 04:01:48',8,-10),(484,38,299,'2010-11-08 00:00:00','2011-02-23 04:01:41','2011-02-23 04:01:48',10,-20),(486,38,300,'2010-10-25 00:00:00','2011-02-23 04:01:41','2011-02-23 04:01:48',12,-1),(487,38,300,'2010-10-18 00:00:00','2011-02-23 04:01:41','2011-02-23 04:01:41',13,NULL),(488,39,340,'2010-09-01 00:00:00','2011-02-23 04:01:41','2011-02-23 04:01:41',1,NULL),(490,39,334,'2011-01-31 00:00:00','2011-02-23 04:01:41','2011-02-23 04:01:48',3,-8),(492,39,326,'2011-01-03 00:00:00','2011-02-23 04:01:41','2011-02-23 04:01:48',5,8),(493,39,330,'2010-12-13 00:00:00','2011-02-23 04:01:41','2011-02-23 04:01:48',6,-4),(494,39,348,'2010-12-06 00:00:00','2011-02-23 04:01:41','2011-02-23 04:01:48',7,-18),(495,39,345,'2010-11-29 00:00:00','2011-02-23 04:01:41','2011-02-23 04:01:48',8,3),(497,39,354,'2010-11-08 00:00:00','2011-02-23 04:01:41','2011-02-23 04:01:48',10,-9),(499,39,350,'2010-10-25 00:00:00','2011-02-23 04:01:41','2011-02-23 04:01:48',12,4),(500,39,343,'2010-10-18 00:00:00','2011-02-23 04:01:41','2011-02-23 04:01:48',13,7),(501,39,337,'2010-10-11 00:00:00','2011-02-23 04:01:41','2011-02-23 04:01:48',14,6),(502,39,328,'2010-10-04 00:00:00','2011-02-23 04:01:41','2011-02-23 04:01:48',15,9),(503,39,340,'2010-09-27 00:00:00','2011-02-23 04:01:41','2011-02-23 04:01:48',16,-12),(506,40,361,'2011-01-31 00:00:00','2011-02-23 04:01:41','2011-02-23 04:01:49',3,2),(507,40,357,'2011-01-10 00:00:00','2011-02-23 04:01:41','2011-02-23 04:01:49',4,4),(509,40,353,'2010-12-13 00:00:00','2011-02-23 04:01:41','2011-02-23 04:01:49',6,4),(510,40,335,'2010-12-06 00:00:00','2011-02-23 04:01:41','2011-02-23 04:01:49',7,18),(512,40,325,'2010-11-15 00:00:00','2011-02-23 04:01:41','2011-02-23 04:01:49',9,10),(513,40,308,'2010-11-08 00:00:00','2011-02-23 04:01:41','2011-02-23 04:01:49',10,17),(514,40,307,'2010-11-01 00:00:00','2011-02-23 04:01:41','2011-02-23 04:01:49',11,1),(515,40,300,'2010-10-25 00:00:00','2011-02-23 04:01:41','2011-02-23 04:01:49',12,7),(516,40,300,'2010-10-18 00:00:00','2011-02-23 04:01:41','2011-02-23 04:01:41',13,NULL),(519,41,249,'2011-01-10 00:00:00','2011-02-23 04:01:41','2011-02-23 04:01:49',4,5),(522,41,249,'2010-12-06 00:00:00','2011-02-23 04:01:41','2011-02-23 04:01:41',7,NULL),(523,42,257,'2010-09-01 00:00:00','2011-02-23 04:01:41','2011-02-23 04:01:41',1,NULL),(524,42,258,'2011-02-07 00:00:00','2011-02-23 04:01:41','2011-02-23 04:01:49',2,-5),(525,42,256,'2011-01-31 00:00:00','2011-02-23 04:01:41','2011-02-23 04:01:49',3,2),(526,42,249,'2011-01-10 00:00:00','2011-02-23 04:01:41','2011-02-23 04:01:49',4,7),(527,42,246,'2011-01-03 00:00:00','2011-02-23 04:01:41','2011-02-23 04:01:49',5,3),(529,42,242,'2010-12-06 00:00:00','2011-02-23 04:01:41','2011-02-23 04:01:49',7,4),(531,42,257,'2010-11-15 00:00:00','2011-02-23 04:01:41','2011-02-23 04:01:49',9,-15),(532,42,245,'2010-11-08 00:00:00','2011-02-23 04:01:41','2011-02-23 04:01:49',10,12),(533,42,256,'2010-11-01 00:00:00','2011-02-23 04:01:41','2011-02-23 04:01:49',11,-11),(534,42,244,'2010-10-25 00:00:00','2011-02-23 04:01:41','2011-02-23 04:01:49',12,12),(535,42,242,'2010-10-18 00:00:00','2011-02-23 04:01:41','2011-02-23 04:01:49',13,2),(536,42,251,'2010-10-11 00:00:00','2011-02-23 04:01:41','2011-02-23 04:01:49',14,-9),(537,42,246,'2010-10-04 00:00:00','2011-02-23 04:01:41','2011-02-23 04:01:49',15,5),(538,42,257,'2010-09-27 00:00:00','2011-02-23 04:01:41','2011-02-23 04:01:49',16,-11),(540,43,326,'2010-09-01 00:00:00','2011-02-23 04:01:41','2011-02-23 04:01:41',1,NULL),(544,43,352,'2011-01-03 00:00:00','2011-02-23 04:01:41','2011-02-23 04:01:49',5,6),(545,43,356,'2010-12-13 00:00:00','2011-02-23 04:01:41','2011-02-23 04:01:49',6,-4),(546,43,360,'2010-12-06 00:00:00','2011-02-23 04:01:41','2011-02-23 04:01:49',7,-4),(548,43,354,'2010-11-15 00:00:00','2011-02-23 04:01:41','2011-02-23 04:01:49',9,6),(549,43,355,'2010-11-08 00:00:00','2011-02-23 04:01:41','2011-02-23 04:01:49',10,-1),(550,43,346,'2010-11-01 00:00:00','2011-02-23 04:01:41','2011-02-23 04:01:49',11,9),(551,43,338,'2010-10-25 00:00:00','2011-02-23 04:01:41','2011-02-23 04:01:49',12,8),(554,43,332,'2010-10-04 00:00:00','2011-02-23 04:01:41','2011-02-23 04:01:49',15,6),(555,43,326,'2010-09-27 00:00:00','2011-02-23 04:01:41','2011-02-23 04:01:49',16,6),(557,44,170,'2010-09-01 00:00:00','2011-02-23 04:01:41','2011-02-23 04:01:41',1,NULL),(558,44,179,'2011-02-07 00:00:00','2011-02-23 04:01:41','2011-02-23 04:01:49',2,7),(560,44,183,'2011-01-10 00:00:00','2011-02-23 04:01:41','2011-02-23 04:01:49',4,-4),(562,44,191,'2010-12-13 00:00:00','2011-02-23 04:01:41','2011-02-23 04:01:49',6,-8),(563,44,192,'2010-12-06 00:00:00','2011-02-23 04:01:41','2011-02-23 04:01:49',7,-1),(564,44,198,'2010-11-29 00:00:00','2011-02-23 04:01:41','2011-02-23 04:01:49',8,-6),(565,44,207,'2010-11-15 00:00:00','2011-02-23 04:01:41','2011-02-23 04:01:49',9,-9),(566,44,206,'2010-11-08 00:00:00','2011-02-23 04:01:41','2011-02-23 04:01:49',10,1),(568,44,186,'2010-10-25 00:00:00','2011-02-23 04:01:41','2011-02-23 04:01:49',12,20),(569,44,192,'2010-10-18 00:00:00','2011-02-23 04:01:41','2011-02-23 04:01:49',13,-6),(570,44,168,'2010-10-11 00:00:00','2011-02-23 04:01:41','2011-02-23 04:01:49',14,24),(571,44,160,'2010-10-04 00:00:00','2011-02-23 04:01:41','2011-02-23 04:01:49',15,8),(572,44,170,'2010-09-27 00:00:00','2011-02-23 04:01:41','2011-02-23 04:01:49',16,-10),(574,45,172,'2011-02-07 00:00:00','2011-02-23 04:01:41','2011-02-23 04:01:49',2,7),(575,45,180,'2011-01-31 00:00:00','2011-02-23 04:01:41','2011-02-23 04:01:49',3,-8),(576,45,172,'2011-01-10 00:00:00','2011-02-23 04:01:41','2011-02-23 04:01:49',4,8),(579,45,170,'2010-12-06 00:00:00','2011-02-23 04:01:41','2011-02-23 04:01:49',7,2),(580,45,170,'2010-11-29 00:00:00','2011-02-23 04:01:42','2011-02-23 04:01:42',8,NULL),(587,46,288,'2010-11-29 00:00:00','2011-02-23 04:01:42','2011-02-23 04:01:49',8,-7),(594,46,300,'2010-10-04 00:00:00','2011-02-23 04:01:42','2011-02-23 04:01:49',15,-12),(596,46,300,'2010-09-20 00:00:00','2011-02-23 04:01:42','2011-02-23 04:01:42',17,NULL),(597,47,280,'2010-09-01 00:00:00','2011-02-23 04:01:42','2011-02-23 04:01:42',1,NULL),(599,47,334,'2011-01-31 00:00:00','2011-02-23 04:01:42','2011-02-23 04:01:49',3,4),(602,47,342,'2010-12-13 00:00:00','2011-02-23 04:01:42','2011-02-23 04:01:49',6,-8),(603,47,337,'2010-12-06 00:00:00','2011-02-23 04:01:42','2011-02-23 04:01:49',7,5),(605,47,322,'2010-11-15 00:00:00','2011-02-23 04:01:42','2011-02-23 04:01:49',9,15),(606,47,315,'2010-11-08 00:00:00','2011-02-23 04:01:42','2011-02-23 04:01:49',10,7),(607,47,305,'2010-11-01 00:00:00','2011-02-23 04:01:42','2011-02-23 04:01:49',11,10),(608,47,295,'2010-10-25 00:00:00','2011-02-23 04:01:42','2011-02-23 04:01:49',12,10),(609,47,305,'2010-10-18 00:00:00','2011-02-23 04:01:42','2011-02-23 04:01:49',13,-10),(610,47,294,'2010-10-11 00:00:00','2011-02-23 04:01:42','2011-02-23 04:01:49',14,11),(611,47,287,'2010-10-04 00:00:00','2011-02-23 04:01:42','2011-02-23 04:01:49',15,7),(612,47,280,'2010-09-27 00:00:00','2011-02-23 04:01:42','2011-02-23 04:01:49',16,7),(615,48,336,'2011-01-31 00:00:00','2011-02-23 04:01:42','2011-02-23 04:01:49',3,8),(616,48,343,'2011-01-10 00:00:00','2011-02-23 04:01:42','2011-02-23 04:01:49',4,-7),(617,48,352,'2011-01-03 00:00:00','2011-02-23 04:01:42','2011-02-23 04:01:49',5,-9),(618,48,331,'2010-12-13 00:00:00','2011-02-23 04:01:42','2011-02-23 04:01:49',6,21),(619,48,331,'2010-12-06 00:00:00','2011-02-23 04:01:42','2011-02-23 04:01:42',7,NULL),(620,49,423,'2010-09-01 00:00:00','2011-02-23 04:01:42','2011-02-23 04:01:42',1,NULL),(626,49,367,'2010-12-06 00:00:00','2011-02-23 04:01:42','2011-02-23 04:01:49',7,-5),(627,49,382,'2010-11-29 00:00:00','2011-02-23 04:01:42','2011-02-23 04:01:49',8,-15),(628,49,381,'2010-11-15 00:00:00','2011-02-23 04:01:42','2011-02-23 04:01:49',9,1),(629,49,407,'2010-11-08 00:00:00','2011-02-23 04:01:42','2011-02-23 04:01:49',10,-26),(630,49,418,'2010-11-01 00:00:00','2011-02-23 04:01:42','2011-02-23 04:01:49',11,-11),(631,49,408,'2010-10-25 00:00:00','2011-02-23 04:01:42','2011-02-23 04:01:49',12,10),(632,49,423,'2010-10-18 00:00:00','2011-02-23 04:01:42','2011-02-23 04:01:49',13,-15),(633,49,422,'2010-10-11 00:00:00','2011-02-23 04:01:42','2011-02-23 04:01:49',14,1),(635,49,423,'2010-09-27 00:00:00','2011-02-23 04:01:42','2011-02-23 04:01:49',16,-1),(637,50,600,'2010-09-01 00:00:00','2011-02-23 04:01:42','2011-02-23 04:01:42',1,NULL),(642,50,651,'2010-12-13 00:00:00','2011-02-23 04:01:42','2011-02-23 04:01:49',6,1),(644,50,665,'2010-11-29 00:00:00','2011-02-23 04:01:42','2011-02-23 04:01:49',8,-14),(645,50,660,'2010-11-15 00:00:00','2011-02-23 04:01:42','2011-02-23 04:01:49',9,5),(647,50,648,'2010-11-01 00:00:00','2011-02-23 04:01:42','2011-02-23 04:01:49',11,12),(648,50,642,'2010-10-25 00:00:00','2011-02-23 04:01:42','2011-02-23 04:01:49',12,6),(649,50,641,'2010-10-18 00:00:00','2011-02-23 04:01:42','2011-02-23 04:01:49',13,1),(651,50,627,'2010-10-04 00:00:00','2011-02-23 04:01:42','2011-02-23 04:01:49',15,14),(652,50,600,'2010-09-27 00:00:00','2011-02-23 04:01:42','2011-02-23 04:01:49',16,27),(654,51,188,'2010-09-01 00:00:00','2011-02-23 04:01:42','2011-02-23 04:01:42',1,NULL),(659,51,185,'2010-12-13 00:00:00','2011-02-23 04:01:42','2011-02-23 04:01:49',6,-5),(661,51,174,'2010-11-29 00:00:00','2011-02-23 04:01:42','2011-02-23 04:01:49',8,11),(662,51,181,'2010-11-15 00:00:00','2011-02-23 04:01:42','2011-02-23 04:01:49',9,-7),(663,51,197,'2010-11-08 00:00:00','2011-02-23 04:01:42','2011-02-23 04:01:49',10,-16),(665,51,194,'2010-10-25 00:00:00','2011-02-23 04:01:42','2011-02-23 04:01:49',12,3),(666,51,201,'2010-10-18 00:00:00','2011-02-23 04:01:42','2011-02-23 04:01:49',13,-7),(667,51,188,'2010-10-11 00:00:00','2011-02-23 04:01:42','2011-02-23 04:01:49',14,13),(668,51,200,'2010-10-04 00:00:00','2011-02-23 04:01:42','2011-02-23 04:01:49',15,-12),(669,51,188,'2010-09-27 00:00:00','2011-02-23 04:01:42','2011-02-23 04:01:49',16,12),(670,52,247,'2010-09-01 00:00:00','2011-02-23 04:01:42','2011-02-23 04:01:42',1,NULL),(672,52,324,'2011-01-31 00:00:00','2011-02-23 04:01:42','2011-02-23 04:01:49',3,4),(674,52,310,'2011-01-03 00:00:00','2011-02-23 04:01:42','2011-02-23 04:01:49',5,14),(675,52,313,'2010-12-13 00:00:00','2011-02-23 04:01:42','2011-02-23 04:01:49',6,-3),(676,52,308,'2010-12-06 00:00:00','2011-02-23 04:01:42','2011-02-23 04:01:49',7,5),(677,52,299,'2010-11-29 00:00:00','2011-02-23 04:01:42','2011-02-23 04:01:49',8,9),(678,52,309,'2010-11-15 00:00:00','2011-02-23 04:01:42','2011-02-23 04:01:49',9,-10),(679,52,299,'2010-11-08 00:00:00','2011-02-23 04:01:42','2011-02-23 04:01:49',10,10),(680,52,281,'2010-11-01 00:00:00','2011-02-23 04:01:42','2011-02-23 04:01:49',11,18),(681,52,271,'2010-10-25 00:00:00','2011-02-23 04:01:43','2011-02-23 04:01:49',12,10),(682,52,260,'2010-10-18 00:00:00','2011-02-23 04:01:43','2011-02-23 04:01:49',13,11),(684,52,247,'2010-10-04 00:00:00','2011-02-23 04:01:43','2011-02-23 04:01:49',15,13),(687,53,273,'2010-09-01 00:00:00','2011-02-23 04:01:43','2011-02-23 04:01:43',1,NULL),(688,53,318,'2011-02-07 00:00:00','2011-02-23 04:01:43','2011-02-23 04:01:49',2,3),(689,53,312,'2011-01-31 00:00:00','2011-02-23 04:01:43','2011-02-23 04:01:49',3,6),(690,53,307,'2011-01-10 00:00:00','2011-02-23 04:01:43','2011-02-23 04:01:49',4,5),(691,53,313,'2011-01-03 00:00:00','2011-02-23 04:01:43','2011-02-23 04:01:49',5,-6),(692,53,299,'2010-12-13 00:00:00','2011-02-23 04:01:43','2011-02-23 04:01:49',6,14),(693,53,313,'2010-12-06 00:00:00','2011-02-23 04:01:43','2011-02-23 04:01:49',7,-14),(695,53,304,'2010-11-15 00:00:00','2011-02-23 04:01:43','2011-02-23 04:01:49',9,9),(696,53,303,'2010-11-08 00:00:00','2011-02-23 04:01:43','2011-02-23 04:01:49',10,1),(697,53,285,'2010-11-01 00:00:00','2011-02-23 04:01:43','2011-02-23 04:01:49',11,18),(698,53,287,'2010-10-25 00:00:00','2011-02-23 04:01:43','2011-02-23 04:01:49',12,-2),(699,53,300,'2010-10-18 00:00:00','2011-02-23 04:01:43','2011-02-23 04:01:49',13,-13),(700,53,303,'2010-10-11 00:00:00','2011-02-23 04:01:43','2011-02-23 04:01:49',14,-3),(701,53,296,'2010-10-04 00:00:00','2011-02-23 04:01:43','2011-02-23 04:01:49',15,7),(702,53,273,'2010-09-27 00:00:00','2011-02-23 04:01:43','2011-02-23 04:01:49',16,23),(704,54,412,'2010-09-01 00:00:00','2011-02-23 04:01:43','2011-02-23 04:01:43',1,NULL),(706,54,357,'2011-01-31 00:00:00','2011-02-23 04:01:43','2011-02-23 04:01:49',3,-5),(707,54,369,'2011-01-10 00:00:00','2011-02-23 04:01:43','2011-02-23 04:01:49',4,-12),(708,54,372,'2011-01-03 00:00:00','2011-02-23 04:01:43','2011-02-23 04:01:49',5,-3),(709,54,369,'2010-12-13 00:00:00','2011-02-23 04:01:43','2011-02-23 04:01:49',6,3),(710,54,361,'2010-12-06 00:00:00','2011-02-23 04:01:43','2011-02-23 04:01:49',7,8),(711,54,358,'2010-11-29 00:00:00','2011-02-23 04:01:43','2011-02-23 04:01:49',8,3),(712,54,366,'2010-11-15 00:00:00','2011-02-23 04:01:43','2011-02-23 04:01:49',9,-8),(713,54,354,'2010-11-08 00:00:00','2011-02-23 04:01:43','2011-02-23 04:01:49',10,12),(714,54,372,'2010-11-01 00:00:00','2011-02-23 04:01:43','2011-02-23 04:01:49',11,-18),(715,54,390,'2010-10-25 00:00:00','2011-02-23 04:01:43','2011-02-23 04:01:49',12,-18),(716,54,396,'2010-10-18 00:00:00','2011-02-23 04:01:43','2011-02-23 04:01:49',13,-6),(717,54,388,'2010-10-11 00:00:00','2011-02-23 04:01:43','2011-02-23 04:01:49',14,8),(718,54,391,'2010-10-04 00:00:00','2011-02-23 04:01:43','2011-02-23 04:01:49',15,-3),(719,54,412,'2010-09-27 00:00:00','2011-02-23 04:01:43','2011-02-23 04:01:49',16,-21),(721,55,167,'2011-02-07 00:00:00','2011-02-23 04:01:43','2011-02-23 04:01:49',2,8),(722,55,168,'2011-01-31 00:00:00','2011-02-23 04:01:43','2011-02-23 04:01:49',3,-1),(723,55,168,'2011-01-10 00:00:00','2011-02-23 04:01:43','2011-02-23 04:01:43',4,NULL),(724,56,348,'2010-09-01 00:00:00','2011-02-23 04:01:43','2011-02-23 04:01:43',1,NULL),(726,56,415,'2011-01-31 00:00:00','2011-02-23 04:01:43','2011-02-23 04:01:49',3,2),(728,56,408,'2011-01-03 00:00:00','2011-02-23 04:01:43','2011-02-23 04:01:49',5,7),(730,56,403,'2010-12-06 00:00:00','2011-02-23 04:01:43','2011-02-23 04:01:49',7,5),(731,56,388,'2010-11-29 00:00:00','2011-02-23 04:01:43','2011-02-23 04:01:49',8,15),(732,56,372,'2010-11-15 00:00:00','2011-02-23 04:01:43','2011-02-23 04:01:49',9,16),(733,56,367,'2010-11-08 00:00:00','2011-02-23 04:01:43','2011-02-23 04:01:49',10,5),(734,56,365,'2010-11-01 00:00:00','2011-02-23 04:01:43','2011-02-23 04:01:49',11,2),(735,56,342,'2010-10-25 00:00:00','2011-02-23 04:01:43','2011-02-23 04:01:49',12,23),(736,56,357,'2010-10-18 00:00:00','2011-02-23 04:01:43','2011-02-23 04:01:49',13,-15),(737,56,328,'2010-10-11 00:00:00','2011-02-23 04:01:43','2011-02-23 04:01:49',14,29),(738,56,331,'2010-10-04 00:00:00','2011-02-23 04:01:43','2011-02-23 04:01:49',15,-3),(739,56,348,'2010-09-27 00:00:00','2011-02-23 04:01:43','2011-02-23 04:01:49',16,-17),(741,57,274,'2010-09-01 00:00:00','2011-02-23 04:01:43','2011-02-23 04:01:43',1,NULL),(745,57,268,'2011-01-03 00:00:00','2011-02-23 04:01:43','2011-02-23 04:01:49',5,7),(746,57,273,'2010-12-13 00:00:00','2011-02-23 04:01:43','2011-02-23 04:01:49',6,-5),(747,57,274,'2010-12-06 00:00:00','2011-02-23 04:01:43','2011-02-23 04:01:49',7,-1),(748,57,296,'2010-11-29 00:00:00','2011-02-23 04:01:43','2011-02-23 04:01:49',8,-22),(749,57,271,'2010-11-15 00:00:00','2011-02-23 04:01:43','2011-02-23 04:01:49',9,25),(750,57,275,'2010-11-08 00:00:00','2011-02-23 04:01:43','2011-02-23 04:01:49',10,-4),(751,57,277,'2010-11-01 00:00:00','2011-02-23 04:01:43','2011-02-23 04:01:49',11,-2),(752,57,276,'2010-10-25 00:00:00','2011-02-23 04:01:43','2011-02-23 04:01:49',12,1),(753,57,268,'2010-10-18 00:00:00','2011-02-23 04:01:43','2011-02-23 04:01:49',13,8),(755,57,274,'2010-10-04 00:00:00','2011-02-23 04:01:43','2011-02-23 04:01:49',15,-6),(758,58,123,'2010-09-01 00:00:00','2011-02-23 04:01:43','2011-02-23 04:01:43',1,NULL),(759,58,168,'2011-02-07 00:00:00','2011-02-23 04:01:43','2011-02-23 04:01:49',2,-8),(760,58,160,'2011-01-31 00:00:00','2011-02-23 04:01:43','2011-02-23 04:01:49',3,8),(761,58,123,'2011-01-10 00:00:00','2011-02-23 04:01:43','2011-02-23 04:01:49',4,37),(762,59,138,'2011-02-07 00:00:00','2011-02-23 04:01:43','2011-02-23 04:01:49',2,8),(765,59,141,'2011-01-03 00:00:00','2011-02-23 04:01:43','2011-02-23 04:01:49',5,-3),(766,59,141,'2010-12-13 00:00:00','2011-02-23 04:01:43','2011-02-23 04:01:43',6,NULL),(767,60,391,'2010-09-01 00:00:00','2011-02-23 04:01:43','2011-02-23 04:01:43',1,NULL),(770,60,366,'2011-01-10 00:00:00','2011-02-23 04:01:43','2011-02-23 04:01:49',4,12),(772,60,364,'2010-12-13 00:00:00','2011-02-23 04:01:43','2011-02-23 04:01:49',6,2),(773,60,375,'2010-12-06 00:00:00','2011-02-23 04:01:43','2011-02-23 04:01:49',7,-11),(774,60,383,'2010-11-29 00:00:00','2011-02-23 04:01:43','2011-02-23 04:01:49',8,-8),(775,60,381,'2010-11-15 00:00:00','2011-02-23 04:01:43','2011-02-23 04:01:49',9,2),(776,60,391,'2010-11-08 00:00:00','2011-02-23 04:01:43','2011-02-23 04:01:49',10,-10),(777,60,380,'2010-11-01 00:00:00','2011-02-23 04:01:43','2011-02-23 04:01:49',11,11),(778,60,398,'2010-10-25 00:00:00','2011-02-23 04:01:44','2011-02-23 04:01:49',12,-18),(780,60,393,'2010-10-11 00:00:00','2011-02-23 04:01:44','2011-02-23 04:01:49',14,5),(782,60,391,'2010-09-27 00:00:00','2011-02-23 04:01:44','2011-02-23 04:01:49',16,2),(784,61,185,'2010-09-01 00:00:00','2011-02-23 04:01:44','2011-02-23 04:01:44',1,NULL),(785,61,324,'2011-02-07 00:00:00','2011-02-23 04:01:44','2011-02-23 04:01:49',2,-2),(786,61,316,'2011-01-31 00:00:00','2011-02-23 04:01:44','2011-02-23 04:01:50',3,8),(787,61,323,'2011-01-10 00:00:00','2011-02-23 04:01:44','2011-02-23 04:01:50',4,-7),(788,61,318,'2011-01-03 00:00:00','2011-02-23 04:01:44','2011-02-23 04:01:50',5,5),(789,61,325,'2010-12-13 00:00:00','2011-02-23 04:01:44','2011-02-23 04:01:50',6,-7),(790,61,323,'2010-12-06 00:00:00','2011-02-23 04:01:44','2011-02-23 04:01:50',7,2),(791,61,309,'2010-11-29 00:00:00','2011-02-23 04:01:44','2011-02-23 04:01:50',8,14),(792,61,300,'2010-11-15 00:00:00','2011-02-23 04:01:44','2011-02-23 04:01:50',9,9),(793,61,281,'2010-11-08 00:00:00','2011-02-23 04:01:44','2011-02-23 04:01:50',10,19),(794,61,256,'2010-11-01 00:00:00','2011-02-23 04:01:44','2011-02-23 04:01:50',11,25),(795,61,229,'2010-10-25 00:00:00','2011-02-23 04:01:44','2011-02-23 04:01:50',12,27),(796,61,204,'2010-10-18 00:00:00','2011-02-23 04:01:44','2011-02-23 04:01:50',13,25),(797,61,210,'2010-10-11 00:00:00','2011-02-23 04:01:44','2011-02-23 04:01:50',14,-6),(798,61,185,'2010-10-04 00:00:00','2011-02-23 04:01:44','2011-02-23 04:01:50',15,25),(801,62,145,'2011-02-07 00:00:00','2011-02-23 04:01:44','2011-02-23 04:01:50',2,-7),(802,62,160,'2011-01-31 00:00:00','2011-02-23 04:01:44','2011-02-23 04:01:50',3,-15),(803,62,160,'2011-01-10 00:00:00','2011-02-23 04:01:44','2011-02-23 04:01:44',4,NULL),(804,63,157,'2011-02-07 00:00:00','2011-02-23 04:01:44','2011-02-23 04:01:50',2,-7),(805,63,161,'2011-01-31 00:00:00','2011-02-23 04:01:44','2011-02-23 04:01:50',3,-4),(806,63,174,'2011-01-10 00:00:00','2011-02-23 04:01:44','2011-02-23 04:01:50',4,-13),(809,63,174,'2010-12-06 00:00:00','2011-02-23 04:01:44','2011-02-23 04:01:44',7,NULL),(810,64,218,'2010-09-01 00:00:00','2011-02-23 04:01:44','2011-02-23 04:01:44',1,NULL),(811,64,194,'2011-02-07 00:00:00','2011-02-23 04:01:44','2011-02-23 04:01:50',2,3),(813,64,191,'2011-01-10 00:00:00','2011-02-23 04:01:44','2011-02-23 04:01:50',4,3),(814,64,184,'2011-01-03 00:00:00','2011-02-23 04:01:44','2011-02-23 04:01:50',5,7),(816,64,183,'2010-12-06 00:00:00','2011-02-23 04:01:44','2011-02-23 04:01:50',7,1),(817,64,172,'2010-11-29 00:00:00','2011-02-23 04:01:44','2011-02-23 04:01:50',8,11),(818,64,180,'2010-11-15 00:00:00','2011-02-23 04:01:44','2011-02-23 04:01:50',9,-8),(819,64,188,'2010-11-08 00:00:00','2011-02-23 04:01:44','2011-02-23 04:01:50',10,-8),(821,64,194,'2010-10-25 00:00:00','2011-02-23 04:01:44','2011-02-23 04:01:50',12,-6),(822,64,191,'2010-10-18 00:00:00','2011-02-23 04:01:44','2011-02-23 04:01:50',13,3),(823,64,208,'2010-10-11 00:00:00','2011-02-23 04:01:44','2011-02-23 04:01:50',14,-17),(824,64,218,'2010-10-04 00:00:00','2011-02-23 04:01:44','2011-02-23 04:01:50',15,-10),(829,65,160,'2011-01-10 00:00:00','2011-02-23 04:01:44','2011-02-23 04:01:44',4,NULL),(830,66,403,'2010-09-01 00:00:00','2011-02-23 04:01:44','2011-02-23 04:01:44',1,NULL),(832,66,357,'2011-01-31 00:00:00','2011-02-23 04:01:44','2011-02-23 04:01:50',3,-8),(833,66,356,'2011-01-10 00:00:00','2011-02-23 04:01:44','2011-02-23 04:01:50',4,1),(834,66,366,'2011-01-03 00:00:00','2011-02-23 04:01:44','2011-02-23 04:01:50',5,-10),(835,66,370,'2010-12-13 00:00:00','2011-02-23 04:01:44','2011-02-23 04:01:50',6,-4),(837,66,374,'2010-11-29 00:00:00','2011-02-23 04:01:44','2011-02-23 04:01:50',8,-4),(838,66,383,'2010-11-15 00:00:00','2011-02-23 04:01:44','2011-02-23 04:01:50',9,-9),(839,66,393,'2010-11-08 00:00:00','2011-02-23 04:01:44','2011-02-23 04:01:50',10,-10),(840,66,403,'2010-11-01 00:00:00','2011-02-23 04:01:44','2011-02-23 04:01:50',11,-10),(841,66,380,'2010-10-25 00:00:00','2011-02-23 04:01:44','2011-02-23 04:01:50',12,23),(842,66,391,'2010-10-18 00:00:00','2011-02-23 04:01:44','2011-02-23 04:01:50',13,-11),(843,66,403,'2010-10-11 00:00:00','2011-02-23 04:01:44','2011-02-23 04:01:50',14,-12),(844,66,414,'2010-10-04 00:00:00','2011-02-23 04:01:44','2011-02-23 04:01:50',15,-11),(845,66,403,'2010-09-27 00:00:00','2011-02-23 04:01:44','2011-02-23 04:01:50',16,11),(847,67,171,'2011-01-31 00:00:00','2011-02-23 04:01:44','2011-02-23 04:01:50',3,-5),(849,67,187,'2011-01-03 00:00:00','2011-02-23 04:01:44','2011-02-23 04:01:50',5,-16),(850,67,176,'2010-12-13 00:00:00','2011-02-23 04:01:44','2011-02-23 04:01:50',6,11),(851,67,175,'2010-12-06 00:00:00','2011-02-23 04:01:44','2011-02-23 04:01:50',7,1),(852,67,165,'2010-11-29 00:00:00','2011-02-23 04:01:44','2011-02-23 04:01:50',8,10),(853,67,174,'2010-11-15 00:00:00','2011-02-23 04:01:44','2011-02-23 04:01:50',9,-9),(854,67,191,'2010-11-08 00:00:00','2011-02-23 04:01:44','2011-02-23 04:01:50',10,-17),(855,67,185,'2010-11-01 00:00:00','2011-02-23 04:01:44','2011-02-23 04:01:50',11,6),(856,67,192,'2010-10-25 00:00:00','2011-02-23 04:01:44','2011-02-23 04:01:50',12,-7),(857,67,189,'2010-10-18 00:00:00','2011-02-23 04:01:44','2011-02-23 04:01:50',13,3),(858,67,186,'2010-10-11 00:00:00','2011-02-23 04:01:44','2011-02-23 04:01:50',14,3),(859,67,193,'2010-10-04 00:00:00','2011-02-23 04:01:44','2011-02-23 04:01:50',15,-7),(860,67,200,'2010-09-27 00:00:00','2011-02-23 04:01:44','2011-02-23 04:01:50',16,-7),(861,67,200,'2010-09-20 00:00:00','2011-02-23 04:01:45','2011-02-23 04:01:45',17,NULL),(863,68,160,'2011-01-31 00:00:00','2011-02-23 04:01:45','2011-02-23 04:01:50',3,-8),(864,68,160,'2011-01-10 00:00:00','2011-02-23 04:01:45','2011-02-23 04:01:45',4,NULL),(865,69,285,'2011-02-07 00:00:00','2011-02-23 04:01:45','2011-02-23 04:01:50',2,12),(867,69,279,'2011-01-10 00:00:00','2011-02-23 04:01:45','2011-02-23 04:01:50',4,6),(869,69,272,'2010-12-13 00:00:00','2011-02-23 04:01:45','2011-02-23 04:01:50',6,7),(870,69,251,'2010-12-06 00:00:00','2011-02-23 04:01:45','2011-02-23 04:01:50',7,21),(871,69,249,'2010-11-29 00:00:00','2011-02-23 04:01:45','2011-02-23 04:01:50',8,2),(872,69,238,'2010-11-15 00:00:00','2011-02-23 04:01:45','2011-02-23 04:01:50',9,11),(873,69,215,'2010-11-08 00:00:00','2011-02-23 04:01:45','2011-02-23 04:01:50',10,23),(874,69,227,'2010-11-01 00:00:00','2011-02-23 04:01:45','2011-02-23 04:01:50',11,-12),(875,69,243,'2010-10-25 00:00:00','2011-02-23 04:01:45','2011-02-23 04:01:50',12,-16),(876,69,243,'2010-10-18 00:00:00','2011-02-23 04:01:45','2011-02-23 04:01:45',13,NULL),(877,70,397,'2010-09-01 00:00:00','2011-02-23 04:01:45','2011-02-23 04:01:45',1,NULL),(879,70,302,'2011-01-31 00:00:00','2011-02-23 04:01:45','2011-02-23 04:01:50',3,11),(880,70,304,'2011-01-10 00:00:00','2011-02-23 04:01:45','2011-02-23 04:01:50',4,-2),(881,70,312,'2011-01-03 00:00:00','2011-02-23 04:01:45','2011-02-23 04:01:50',5,-8),(882,70,322,'2010-12-13 00:00:00','2011-02-23 04:01:45','2011-02-23 04:01:50',6,-10),(883,70,329,'2010-12-06 00:00:00','2011-02-23 04:01:45','2011-02-23 04:01:50',7,-7),(884,70,336,'2010-11-29 00:00:00','2011-02-23 04:01:45','2011-02-23 04:01:50',8,-7),(885,70,332,'2010-11-15 00:00:00','2011-02-23 04:01:45','2011-02-23 04:01:50',9,4),(887,70,347,'2010-11-01 00:00:00','2011-02-23 04:01:45','2011-02-23 04:01:50',11,-15),(888,70,365,'2010-10-25 00:00:00','2011-02-23 04:01:45','2011-02-23 04:01:50',12,-18),(889,70,373,'2010-10-18 00:00:00','2011-02-23 04:01:45','2011-02-23 04:01:50',13,-8),(890,70,372,'2010-10-11 00:00:00','2011-02-23 04:01:45','2011-02-23 04:01:50',14,1),(891,70,379,'2010-10-04 00:00:00','2011-02-23 04:01:45','2011-02-23 04:01:50',15,-7),(892,70,397,'2010-09-27 00:00:00','2011-02-23 04:01:45','2011-02-23 04:01:50',16,-18),(899,71,212,'2010-12-06 00:00:00','2011-02-23 04:01:45','2011-02-23 04:01:50',7,-5),(900,71,221,'2010-11-29 00:00:00','2011-02-23 04:01:45','2011-02-23 04:01:50',8,-9),(902,71,240,'2010-11-08 00:00:00','2011-02-23 04:01:45','2011-02-23 04:01:50',10,-19),(903,71,249,'2010-11-01 00:00:00','2011-02-23 04:01:45','2011-02-23 04:01:50',11,-9),(904,71,250,'2010-10-25 00:00:00','2011-02-23 04:01:45','2011-02-23 04:01:50',12,-1),(905,71,250,'2010-10-18 00:00:00','2011-02-23 04:01:45','2011-02-23 04:01:45',13,NULL),(906,72,451,'2010-09-01 00:00:00','2011-02-23 04:01:45','2011-02-23 04:01:45',1,NULL),(909,72,456,'2011-01-10 00:00:00','2011-02-23 04:01:45','2011-02-23 04:01:50',4,14),(910,72,455,'2011-01-03 00:00:00','2011-02-23 04:01:45','2011-02-23 04:01:50',5,1),(911,72,465,'2010-12-13 00:00:00','2011-02-23 04:01:45','2011-02-23 04:01:50',6,-10),(912,72,452,'2010-12-06 00:00:00','2011-02-23 04:01:45','2011-02-23 04:01:50',7,13),(913,72,458,'2010-11-29 00:00:00','2011-02-23 04:01:45','2011-02-23 04:01:50',8,-6),(914,72,463,'2010-11-15 00:00:00','2011-02-23 04:01:45','2011-02-23 04:01:50',9,-5),(915,72,473,'2010-11-08 00:00:00','2011-02-23 04:01:45','2011-02-23 04:01:50',10,-10),(916,72,483,'2010-11-01 00:00:00','2011-02-23 04:01:45','2011-02-23 04:01:50',11,-10),(917,72,489,'2010-10-25 00:00:00','2011-02-23 04:01:45','2011-02-23 04:01:50',12,-6),(918,72,476,'2010-10-18 00:00:00','2011-02-23 04:01:45','2011-02-23 04:01:50',13,13),(919,72,468,'2010-10-11 00:00:00','2011-02-23 04:01:45','2011-02-23 04:01:50',14,8),(920,72,459,'2010-10-04 00:00:00','2011-02-23 04:01:45','2011-02-23 04:01:50',15,9),(921,72,451,'2010-09-27 00:00:00','2011-02-23 04:01:45','2011-02-23 04:01:50',16,8),(923,73,154,'2010-09-01 00:00:00','2011-02-23 04:01:45','2011-02-23 04:01:45',1,NULL),(926,73,154,'2011-01-10 00:00:00','2011-02-23 04:01:45','2011-02-23 04:01:50',4,21),(927,74,420,'2010-09-01 00:00:00','2011-02-23 04:01:45','2011-02-23 04:01:45',1,NULL),(929,74,450,'2011-01-31 00:00:00','2011-02-23 04:01:45','2011-02-23 04:01:50',3,-5),(932,74,436,'2010-12-13 00:00:00','2011-02-23 04:01:45','2011-02-23 04:01:50',6,14),(933,74,429,'2010-12-06 00:00:00','2011-02-23 04:01:45','2011-02-23 04:01:50',7,7),(934,74,435,'2010-11-29 00:00:00','2011-02-23 04:01:45','2011-02-23 04:01:50',8,-6),(935,74,428,'2010-11-15 00:00:00','2011-02-23 04:01:45','2011-02-23 04:01:50',9,7),(937,74,429,'2010-11-01 00:00:00','2011-02-23 04:01:45','2011-02-23 04:01:50',11,-1),(938,74,435,'2010-10-25 00:00:00','2011-02-23 04:01:45','2011-02-23 04:01:50',12,-6),(940,74,424,'2010-10-11 00:00:00','2011-02-23 04:01:45','2011-02-23 04:01:50',14,11),(941,74,432,'2010-10-04 00:00:00','2011-02-23 04:01:45','2011-02-23 04:01:50',15,-8),(942,74,420,'2010-09-27 00:00:00','2011-02-23 04:01:45','2011-02-23 04:01:50',16,12),(944,75,593,'2010-09-01 00:00:00','2011-02-23 04:01:45','2011-02-23 04:01:45',1,NULL),(946,75,573,'2011-01-31 00:00:00','2011-02-23 04:01:45','2011-02-23 04:01:50',3,-8),(947,75,585,'2011-01-10 00:00:00','2011-02-23 04:01:45','2011-02-23 04:01:50',4,-12),(948,75,581,'2011-01-03 00:00:00','2011-02-23 04:01:45','2011-02-23 04:01:50',5,4),(949,75,579,'2010-12-13 00:00:00','2011-02-23 04:01:45','2011-02-23 04:01:50',6,2),(950,75,586,'2010-12-06 00:00:00','2011-02-23 04:01:45','2011-02-23 04:01:50',7,-7),(952,75,573,'2010-11-15 00:00:00','2011-02-23 04:01:45','2011-02-23 04:01:50',9,13),(953,75,583,'2010-11-08 00:00:00','2011-02-23 04:01:45','2011-02-23 04:01:50',10,-10),(954,75,592,'2010-11-01 00:00:00','2011-02-23 04:01:46','2011-02-23 04:01:50',11,-9),(955,75,595,'2010-10-25 00:00:00','2011-02-23 04:01:46','2011-02-23 04:01:50',12,-3),(957,75,604,'2010-10-11 00:00:00','2011-02-23 04:01:46','2011-02-23 04:01:50',14,-9),(958,75,598,'2010-10-04 00:00:00','2011-02-23 04:01:46','2011-02-23 04:01:50',15,6),(959,75,593,'2010-09-27 00:00:00','2011-02-23 04:01:46','2011-02-23 04:01:50',16,5),(961,76,456,'2010-09-01 00:00:00','2011-02-23 04:01:46','2011-02-23 04:01:46',1,NULL),(962,76,471,'2011-02-07 00:00:00','2011-02-23 04:01:46','2011-02-23 04:01:50',2,7),(963,76,482,'2011-01-31 00:00:00','2011-02-23 04:01:46','2011-02-23 04:01:50',3,-11),(964,76,473,'2011-01-10 00:00:00','2011-02-23 04:01:46','2011-02-23 04:01:50',4,9),(966,76,467,'2010-12-13 00:00:00','2011-02-23 04:01:46','2011-02-23 04:01:50',6,6),(967,76,466,'2010-12-06 00:00:00','2011-02-23 04:01:46','2011-02-23 04:01:50',7,1),(968,76,470,'2010-11-29 00:00:00','2011-02-23 04:01:46','2011-02-23 04:01:50',8,-4),(970,76,468,'2010-11-08 00:00:00','2011-02-23 04:01:46','2011-02-23 04:01:50',10,2),(971,76,477,'2010-11-01 00:00:00','2011-02-23 04:01:46','2011-02-23 04:01:50',11,-9),(972,76,469,'2010-10-25 00:00:00','2011-02-23 04:01:46','2011-02-23 04:01:50',12,8),(973,76,474,'2010-10-18 00:00:00','2011-02-23 04:01:46','2011-02-23 04:01:50',13,-5),(975,76,468,'2010-10-04 00:00:00','2011-02-23 04:01:46','2011-02-23 04:01:50',15,6),(976,76,456,'2010-09-27 00:00:00','2011-02-23 04:01:46','2011-02-23 04:01:50',16,12),(978,77,168,'2011-02-07 00:00:00','2011-02-23 04:01:46','2011-02-23 04:01:50',2,-8),(979,77,152,'2011-01-31 00:00:00','2011-02-23 04:01:46','2011-02-23 04:01:50',3,16),(980,77,152,'2011-01-10 00:00:00','2011-02-23 04:01:46','2011-02-23 04:01:46',4,NULL),(984,78,163,'2011-01-03 00:00:00','2011-02-23 04:01:46','2011-02-23 04:01:50',5,-8),(986,78,160,'2010-12-06 00:00:00','2011-02-23 04:01:46','2011-02-23 04:01:50',7,3),(987,78,160,'2010-11-29 00:00:00','2011-02-23 04:01:46','2011-02-23 04:01:46',8,NULL),(988,79,466,'2010-09-01 00:00:00','2011-02-23 04:01:46','2011-02-23 04:01:46',1,NULL),(991,79,534,'2011-01-10 00:00:00','2011-02-23 04:01:46','2011-02-23 04:01:50',4,-9),(993,79,521,'2010-12-13 00:00:00','2011-02-23 04:01:46','2011-02-23 04:01:50',6,13),(994,79,524,'2010-12-06 00:00:00','2011-02-23 04:01:46','2011-02-23 04:01:50',7,-3),(995,79,510,'2010-11-29 00:00:00','2011-02-23 04:01:46','2011-02-23 04:01:50',8,14),(996,79,509,'2010-11-15 00:00:00','2011-02-23 04:01:46','2011-02-23 04:01:50',9,1),(997,79,499,'2010-11-08 00:00:00','2011-02-23 04:01:46','2011-02-23 04:01:50',10,10),(998,79,489,'2010-11-01 00:00:00','2011-02-23 04:01:46','2011-02-23 04:01:50',11,10),(999,79,481,'2010-10-25 00:00:00','2011-02-23 04:01:46','2011-02-23 04:01:50',12,8),(1000,79,469,'2010-10-18 00:00:00','2011-02-23 04:01:46','2011-02-23 04:01:50',13,12),(1001,79,477,'2010-10-11 00:00:00','2011-02-23 04:01:46','2011-02-23 04:01:50',14,-8),(1002,79,474,'2010-10-04 00:00:00','2011-02-23 04:01:46','2011-02-23 04:01:50',15,3),(1003,79,466,'2010-09-27 00:00:00','2011-02-23 04:01:46','2011-02-23 04:01:50',16,8),(1005,80,400,'2010-09-01 00:00:00','2011-02-23 04:01:46','2011-02-23 04:01:46',1,NULL),(1006,80,378,'2011-02-07 00:00:00','2011-02-23 04:01:46','2011-02-23 04:01:50',2,8),(1007,80,370,'2011-01-31 00:00:00','2011-02-23 04:01:46','2011-02-23 04:01:50',3,8),(1008,80,377,'2011-01-10 00:00:00','2011-02-23 04:01:46','2011-02-23 04:01:50',4,-7),(1009,80,381,'2011-01-03 00:00:00','2011-02-23 04:01:46','2011-02-23 04:01:50',5,-4),(1010,80,389,'2010-12-13 00:00:00','2011-02-23 04:01:46','2011-02-23 04:01:50',6,-8),(1011,80,383,'2010-12-06 00:00:00','2011-02-23 04:01:46','2011-02-23 04:01:50',7,6),(1012,80,389,'2010-11-29 00:00:00','2011-02-23 04:01:46','2011-02-23 04:01:50',8,-6),(1014,80,398,'2010-11-08 00:00:00','2011-02-23 04:01:46','2011-02-23 04:01:50',10,-9),(1015,80,386,'2010-11-01 00:00:00','2011-02-23 04:01:46','2011-02-23 04:01:50',11,12),(1016,80,395,'2010-10-25 00:00:00','2011-02-23 04:01:46','2011-02-23 04:01:50',12,-9),(1018,80,405,'2010-10-11 00:00:00','2011-02-23 04:01:46','2011-02-23 04:01:50',14,-10),(1019,80,411,'2010-10-04 00:00:00','2011-02-23 04:01:46','2011-02-23 04:01:50',15,-6),(1020,80,400,'2010-09-27 00:00:00','2011-02-23 04:01:46','2011-02-23 04:01:50',16,11),(1022,81,268,'2010-09-01 00:00:00','2011-02-23 04:01:46','2011-02-23 04:01:46',1,NULL),(1025,81,305,'2011-01-10 00:00:00','2011-02-23 04:01:46','2011-02-23 04:01:50',4,6),(1026,81,300,'2011-01-03 00:00:00','2011-02-23 04:01:46','2011-02-23 04:01:50',5,5),(1028,81,294,'2010-12-06 00:00:00','2011-02-23 04:01:46','2011-02-23 04:01:50',7,6),(1029,81,285,'2010-11-29 00:00:00','2011-02-23 04:01:46','2011-02-23 04:01:50',8,9),(1030,81,277,'2010-11-15 00:00:00','2011-02-23 04:01:46','2011-02-23 04:01:50',9,8),(1031,81,267,'2010-11-08 00:00:00','2011-02-23 04:01:46','2011-02-23 04:01:50',10,10),(1033,81,275,'2010-10-25 00:00:00','2011-02-23 04:01:46','2011-02-23 04:01:50',12,-8),(1034,81,278,'2010-10-18 00:00:00','2011-02-23 04:01:46','2011-02-23 04:01:50',13,-3),(1037,81,268,'2010-09-27 00:00:00','2011-02-23 04:01:46','2011-02-23 04:01:50',16,10),(1039,48,344,'2011-02-14 00:00:00','2011-02-23 04:10:19','2011-02-23 06:09:56',18,-1),(1040,69,297,'2011-02-14 00:00:00','2011-02-23 04:10:19','2011-02-23 06:09:56',18,1),(1041,18,279,'2011-02-14 00:00:00','2011-02-23 04:10:26','2011-02-23 06:09:56',18,11),(1042,13,216,'2011-02-14 00:00:00','2011-02-23 04:10:26','2011-02-23 06:09:56',18,1),(1043,73,175,'2011-02-14 00:00:00','2011-02-23 04:20:27','2011-02-23 06:09:56',18,-1),(1044,82,153,'2011-01-31 00:00:00','2011-02-23 04:20:27','2011-02-23 04:28:44',18,-7),(1045,61,322,'2011-02-14 00:00:00','2011-02-23 04:20:37','2011-02-23 06:09:56',18,1),(1046,23,269,'2011-02-14 00:00:00','2011-02-23 04:20:37','2011-02-23 06:09:56',18,-6),(1047,32,367,'2011-02-14 00:00:00','2011-02-23 04:20:46','2011-02-23 06:09:56',18,5),(1048,42,253,'2011-02-14 00:00:00','2011-02-23 04:20:46','2011-02-23 06:09:56',18,-11),(1049,31,173,'2011-02-14 00:00:00','2011-02-23 04:20:55','2011-02-23 06:09:56',18,4),(1050,17,144,'2011-02-14 00:00:00','2011-02-23 04:20:55','2011-02-23 06:09:56',18,-7),(1051,47,338,'2011-02-14 00:00:00','2011-02-23 04:21:02','2011-02-23 06:09:56',18,4),(1052,36,185,'2011-02-14 00:00:00','2011-02-23 04:21:02','2011-02-23 06:09:56',18,-4),(1053,33,170,'2011-02-14 00:00:00','2011-02-23 04:21:13','2011-02-23 06:09:56',18,17),(1054,65,160,'2011-02-14 00:00:00','2011-02-23 04:21:13','2011-02-23 06:09:56',18,-7),(1055,6,153,'2011-02-14 00:00:00','2011-02-23 04:21:29','2011-02-23 06:09:56',18,7),(1056,62,138,'2011-02-14 00:00:00','2011-02-23 04:21:29','2011-02-23 06:09:56',18,-7),(1057,56,417,'2011-02-14 00:00:00','2011-02-23 04:21:35','2011-02-23 06:09:56',18,3),(1058,57,275,'2011-02-14 00:00:00','2011-02-23 04:21:40','2011-02-23 06:09:56',18,-10),(1059,67,166,'2011-02-14 00:00:00','2011-02-23 04:21:46','2011-02-23 06:09:56',18,11),(1060,11,197,'2011-02-14 00:00:00','2011-02-23 04:21:52','2011-02-23 06:09:56',18,-7),(1061,30,378,'2011-02-14 00:00:00','2011-02-23 04:22:01','2011-02-23 06:09:56',18,1),(1062,39,326,'2011-02-14 00:00:00','2011-02-23 04:22:01','2011-02-23 06:09:56',18,-6),(1063,20,397,'2011-02-14 00:00:00','2011-02-23 04:22:10','2011-02-23 06:09:56',18,-8),(1064,66,349,'2011-02-14 00:00:00','2011-02-23 04:22:10','2011-02-23 06:09:56',18,1),(1065,75,565,'2011-02-14 00:00:00','2011-02-23 04:22:40','2011-02-23 06:09:56',18,3),(1066,74,445,'2011-02-14 00:00:00','2011-02-23 04:22:45','2011-02-23 06:09:56',18,18),(1067,80,386,'2011-02-14 00:00:00','2011-02-23 04:22:45','2011-02-23 06:09:56',18,-6),(1068,21,529,'2011-02-14 00:00:00','2011-02-23 04:22:55','2011-02-23 06:09:56',18,6),(1069,35,440,'2011-02-14 00:00:00','2011-02-23 04:22:55','2011-02-23 06:09:56',18,-6),(1070,27,699,'2011-02-14 00:00:00','2011-02-23 04:23:22','2011-02-23 06:09:56',18,-2),(1071,3,627,'2011-02-14 00:00:00','2011-02-23 04:23:22','2011-02-23 06:09:56',18,2),(1072,61,323,NULL,'2011-03-01 04:28:28','2011-03-15 04:46:28',19,21),(1073,40,363,NULL,'2011-03-01 04:28:28','2011-03-15 04:46:28',19,-12),(1074,18,290,NULL,'2011-03-01 04:28:37','2011-03-15 04:46:28',19,25),(1075,23,263,NULL,'2011-03-01 04:28:37','2011-03-15 04:46:28',19,-24),(1076,17,137,NULL,'2011-03-01 04:28:54','2011-03-01 04:41:23',19,0),(1077,65,153,NULL,'2011-03-01 04:28:54','2011-03-01 04:41:23',19,0),(1078,52,328,NULL,'2011-03-01 04:29:01','2011-03-15 04:46:28',19,23),(1079,53,321,NULL,'2011-03-01 04:29:01','2011-03-15 04:46:26',19,-7),(1080,41,254,NULL,'2011-03-01 04:30:47','2011-03-15 04:46:27',19,10),(1081,63,150,NULL,'2011-03-01 04:30:47','2011-03-15 04:46:27',19,-10),(1082,58,160,NULL,'2011-03-01 04:30:59','2011-03-15 04:46:26',19,7),(1083,82,146,NULL,'2011-03-01 04:30:59','2011-03-15 04:46:27',19,-14),(1084,55,175,NULL,'2011-03-01 04:31:08','2011-03-15 04:46:27',19,7),(1085,2,186,NULL,'2011-03-01 04:31:08','2011-03-01 04:41:24',19,0),(1086,71,207,NULL,'2011-03-01 04:31:16','2011-03-15 04:46:26',19,6),(1087,59,146,NULL,'2011-03-01 04:31:16','2011-03-15 04:46:26',19,-6),(1088,33,187,NULL,'2011-03-01 04:31:23','2011-03-15 04:46:26',19,7),(1089,31,177,NULL,'2011-03-01 04:31:23','2011-03-15 04:46:26',19,-7),(1090,45,179,NULL,'2011-03-01 04:31:33','2011-03-15 04:46:26',19,7),(1091,7,153,NULL,'2011-03-01 04:31:33','2011-03-15 04:46:26',19,-7),(1092,11,190,NULL,'2011-03-01 04:31:40','2011-03-15 04:46:27',19,8),(1093,10,233,NULL,'2011-03-01 04:31:40','2011-03-15 04:46:28',19,-8),(1094,62,131,NULL,'2011-03-01 04:32:03','2011-03-15 04:46:27',19,-5),(1095,79,525,NULL,'2011-03-01 04:32:27','2011-03-15 04:46:27',19,9),(1096,74,463,NULL,'2011-03-01 04:32:27','2011-03-15 04:46:27',19,-16),(1097,28,754,NULL,'2011-03-01 04:32:35','2011-03-15 04:46:27',19,3),(1098,12,512,NULL,'2011-03-01 04:32:35','2011-03-15 04:46:27',19,2),(1100,30,379,NULL,'2011-03-01 04:35:03','2011-03-15 04:46:27',19,8),(1101,83,410,'2011-02-28 00:00:00','2011-03-01 04:35:03','2011-09-17 05:47:55',19,-13),(1102,48,343,NULL,'2011-03-01 04:35:13','2011-03-15 04:46:27',19,10),(1103,19,607,NULL,'2011-03-01 04:35:18','2011-03-15 04:46:27',19,-3),(1104,20,389,NULL,'2011-03-01 04:35:31','2011-03-15 04:46:27',19,6),(1105,70,313,NULL,'2011-03-01 04:35:31','2011-03-15 04:46:27',19,-12),(1106,32,372,NULL,'2011-03-01 04:35:40','2011-03-15 04:46:27',19,8),(1107,80,380,NULL,'2011-03-01 04:35:40','2011-03-15 04:46:27',19,-8),(1108,21,535,NULL,'2011-03-01 04:36:38','2011-03-15 04:46:27',19,6),(1109,72,470,NULL,'2011-03-01 04:36:38','2011-03-15 04:46:27',19,-6),(1110,50,652,NULL,'2011-03-01 04:36:48','2011-03-15 04:46:27',19,-3),(1111,76,478,NULL,'2011-03-01 04:36:48','2011-03-15 04:46:27',19,3),(1112,60,378,NULL,'2011-03-01 04:36:53','2011-03-15 04:46:27',19,13),(1113,66,350,NULL,'2011-03-01 04:36:53','2011-03-15 04:46:27',19,-7),(1114,29,618,NULL,'2011-03-01 04:37:14','2011-03-15 04:46:27',19,2),(1115,27,697,NULL,'2011-03-01 04:37:14','2011-03-15 04:46:27',19,-2),(1116,42,242,NULL,'2011-03-01 04:37:32','2011-03-15 04:46:29',19,-11),(1117,69,298,NULL,'2011-03-01 04:37:41','2011-03-15 04:46:28',19,3),(1118,47,342,NULL,'2011-03-01 04:37:53','2011-03-15 04:46:28',19,3),(1119,1,203,NULL,'2011-03-01 04:37:53','2011-03-15 04:46:28',19,-10),(1120,14,183,NULL,'2011-03-01 04:38:19','2011-03-15 04:46:28',19,4),(1121,13,217,NULL,'2011-03-01 04:38:38','2011-03-15 04:46:29',19,26),(1122,16,351,NULL,'2011-03-01 04:38:38','2011-03-15 04:46:28',19,-14),(1123,43,358,NULL,'2011-03-01 04:39:20','2011-03-15 04:46:28',19,6),(1124,81,311,NULL,'2011-03-01 04:39:20','2011-03-15 04:46:28',19,-6),(1125,57,265,NULL,'2011-03-01 04:40:06','2011-03-15 04:46:28',19,-9),(1126,36,181,NULL,'2011-03-01 04:40:19','2011-03-15 04:46:29',19,-6),(1127,67,177,NULL,'2011-03-01 04:40:41','2011-03-15 04:46:29',19,-7),(1128,27,695,NULL,'2011-03-18 02:16:22','2011-03-18 02:39:19',20,-2),(1129,28,757,NULL,'2011-03-18 02:16:22','2011-03-18 02:39:19',20,-15),(1130,50,649,NULL,'2011-03-18 02:16:40','2011-03-18 02:39:19',20,10),(1131,19,604,NULL,'2011-03-18 02:16:53','2011-03-18 02:39:19',20,4),(1132,29,620,NULL,'2011-03-18 02:17:11','2011-03-18 02:39:19',20,2),(1133,3,629,NULL,'2011-03-18 02:17:24','2011-03-18 02:39:19',20,1),(1134,75,568,NULL,'2011-03-18 02:20:42','2011-03-18 02:39:19',20,-13),(1135,21,541,NULL,'2011-03-18 02:20:42','2011-03-18 02:39:20',20,-9),(1136,79,534,NULL,'2011-03-18 02:20:51','2011-03-18 02:39:20',20,13),(1137,76,481,NULL,'2011-03-18 02:21:01','2011-03-18 02:39:20',20,-3),(1138,22,465,NULL,'2011-03-18 02:21:10','2011-03-18 02:39:20',20,4),(1139,12,514,NULL,'2011-03-18 02:21:33','2011-03-18 02:39:19',20,8),(1140,72,464,NULL,'2011-03-18 02:22:25','2011-03-18 02:39:20',20,14),(1141,24,459,NULL,'2011-03-18 02:22:25','2011-03-18 02:39:20',20,-15),(1142,74,447,NULL,'2011-03-18 02:22:33','2011-03-18 02:39:20',20,1),(1143,35,434,NULL,'2011-03-18 02:23:03','2011-03-18 02:39:20',20,7),(1144,56,420,NULL,'2011-03-18 02:23:03','2011-03-18 02:39:20',20,-7),(1145,83,397,NULL,'2011-03-18 02:23:25','2011-03-18 02:39:20',20,7),(1146,20,395,NULL,'2011-03-18 02:23:25','2011-03-18 02:39:20',20,-8),(1147,4,392,NULL,'2011-03-18 02:23:35','2011-03-18 02:39:20',20,-15),(1148,30,387,NULL,'2011-03-18 02:23:48','2011-03-18 02:39:20',20,8),(1149,60,391,NULL,'2011-03-18 02:24:26','2011-03-18 02:39:20',20,8),(1150,80,372,NULL,'2011-03-18 02:25:00','2011-03-18 02:39:20',20,-16),(1151,5,370,NULL,'2011-03-18 02:25:00','2011-03-18 02:39:20',20,14),(1152,54,352,NULL,'2011-03-18 02:25:30','2011-03-18 02:39:20',20,8),(1153,40,351,NULL,'2011-03-18 02:25:42','2011-03-18 02:39:20',20,17),(1154,43,364,NULL,'2011-03-18 02:25:58','2011-03-18 02:39:20',20,-15),(1155,48,353,NULL,'2011-03-18 02:26:40','2011-03-18 02:39:20',20,-8),(1156,52,351,NULL,'2011-03-18 02:27:10','2011-03-18 02:39:21',20,21),(1157,47,345,NULL,'2011-03-18 02:27:10','2011-03-18 02:39:21',20,-15),(1158,16,337,NULL,'2011-03-18 02:27:19','2011-03-18 02:39:21',20,-7),(1159,39,320,NULL,'2011-03-18 02:27:26','2011-03-18 02:39:21',20,2),(1160,61,344,NULL,'2011-03-18 02:27:51','2011-03-18 02:39:21',20,-9),(1161,66,343,NULL,'2011-03-18 02:27:51','2011-03-18 02:39:21',20,8),(1162,18,315,NULL,'2011-03-18 02:28:37','2011-03-18 02:39:21',20,27),(1163,53,314,NULL,'2011-03-18 02:28:37','2011-03-18 02:39:21',20,-2),(1164,81,305,NULL,'2011-03-18 02:28:46','2011-03-18 02:39:21',20,-7),(1165,69,301,NULL,'2011-03-18 02:28:53','2011-03-18 02:39:21',20,-14),(1166,57,256,NULL,'2011-03-18 02:29:01','2011-03-18 02:39:21',20,-12),(1167,70,301,NULL,'2011-03-18 02:29:19','2011-03-18 02:39:21',20,8),(1168,41,264,NULL,'2011-03-18 02:29:48','2011-03-18 02:39:21',20,12),(1169,13,243,NULL,'2011-03-18 02:29:48','2011-03-18 02:39:21',20,7),(1170,23,239,NULL,'2011-03-18 02:29:53','2011-03-18 02:39:21',20,-8),(1171,10,225,NULL,'2011-03-18 02:30:00','2011-03-18 02:39:21',20,-6),(1172,44,186,NULL,'2011-03-18 02:30:10','2011-03-18 02:39:22',20,2),(1173,42,231,NULL,'2011-03-18 02:30:24','2011-03-18 02:39:21',20,1),(1174,71,213,NULL,'2011-03-18 02:31:12','2011-03-18 02:39:21',20,13),(1175,11,198,NULL,'2011-03-18 02:31:12','2011-03-18 02:39:22',20,22),(1176,64,197,NULL,'2011-03-18 02:31:48','2011-03-18 02:39:22',20,-14),(1177,33,194,NULL,'2011-03-18 02:31:53','2011-03-18 02:39:22',20,-7),(1178,14,187,NULL,'2011-03-18 02:32:01','2011-03-18 02:39:22',20,-14),(1179,2,186,NULL,'2011-03-18 02:32:47','2011-03-18 02:39:22',20,-16),(1180,45,186,NULL,'2011-03-18 02:32:57','2011-03-18 02:39:22',20,15),(1181,55,182,NULL,'2011-03-18 02:33:11','2011-03-18 02:39:22',20,-7),(1182,73,174,NULL,'2011-03-18 02:33:45','2011-03-18 02:39:22',20,-1),(1183,67,170,NULL,'2011-03-18 02:33:45','2011-03-18 02:39:22',20,8),(1184,15,162,NULL,'2011-03-18 02:33:54','2011-03-18 02:39:22',20,-14),(1185,6,160,NULL,'2011-03-18 02:34:09','2011-03-18 02:39:22',20,8),(1186,31,170,NULL,'2011-03-18 02:34:20','2011-03-18 02:39:22',20,7),(1187,65,153,NULL,'2011-03-18 02:34:38','2011-03-18 02:39:22',20,-8),(1188,58,167,NULL,'2011-03-18 02:34:53','2011-03-18 02:39:22',20,-8),(1189,77,160,NULL,'2011-03-18 02:35:10','2011-03-18 02:39:22',20,-1),(1190,68,152,NULL,'2011-03-18 02:35:10','2011-03-18 02:39:22',20,15),(1191,7,146,NULL,'2011-03-18 02:35:17','2011-03-18 02:39:22',20,-14),(1192,59,140,NULL,'2011-03-18 02:35:37','2011-03-18 02:39:22',20,8),(1193,62,126,NULL,'2011-03-18 02:35:59','2011-03-18 02:39:22',20,16),(1194,63,140,NULL,'2011-03-18 02:36:30','2011-03-18 02:39:23',20,0),(1195,8,126,NULL,'2011-03-18 02:36:30','2011-03-18 02:39:23',20,-22),(1196,17,137,NULL,'2011-03-18 02:36:51','2011-03-18 02:39:22',20,-8),(1198,84,150,'2011-03-14 00:00:00','2011-03-18 02:38:30','2011-09-17 05:48:11',20,14),(1200,27,693,'2011-09-17 05:51:50','2011-09-17 05:51:50','2011-09-17 05:51:50',22,0),(1201,3,630,'2011-09-19 23:30:24','2011-09-19 23:30:25','2011-09-19 23:30:25',22,0),(1202,18,342,'2011-09-19 23:40:27','2011-09-19 23:40:27','2011-09-19 23:40:27',22,0),(1203,33,187,'2011-09-20 04:55:09','2011-09-20 04:55:09','2011-09-20 04:55:09',22,0),(1204,83,404,'2011-09-20 05:12:47','2011-09-20 05:12:47','2011-09-20 05:12:47',22,0),(1205,54,360,'2011-09-20 05:15:33','2011-09-20 05:15:33','2011-09-20 05:15:33',22,0),(1206,48,345,'2011-09-20 05:16:23','2011-09-20 05:16:23','2011-09-20 05:16:23',22,0),(1207,63,140,'2011-09-20 05:20:35','2011-09-20 05:20:35','2011-09-20 05:20:35',22,0),(1208,60,399,'2011-09-20 05:22:08','2011-09-20 05:22:08','2011-09-20 05:22:08',22,0),(1209,85,100,'2011-09-20 05:25:12','2011-09-20 05:25:12','2011-09-20 05:25:12',22,0),(1210,86,200,'2011-09-20 05:35:05','2011-09-20 05:35:05','2011-09-20 05:35:05',22,0),(1211,71,226,'2011-09-20 05:36:18','2011-09-20 05:36:18','2011-09-20 05:36:18',22,0),(1212,59,148,'2011-09-20 05:38:04','2011-09-20 05:38:04','2011-09-20 05:38:04',22,0),(1213,14,173,'2011-09-20 05:39:09','2011-09-20 05:39:09','2011-09-20 05:39:09',22,0),(1214,87,100,'2011-09-20 05:41:42','2011-09-20 05:41:42','2011-09-20 05:41:42',22,0),(1215,88,400,'2011-09-20 05:44:27','2011-09-20 05:44:27','2011-09-20 05:44:27',22,0),(1216,89,200,'2011-09-20 05:44:57','2011-09-20 05:44:57','2011-09-20 05:44:57',22,0),(1217,19,608,'2011-09-20 05:45:38','2011-09-20 05:45:38','2011-09-20 05:45:38',22,0),(1218,90,400,'2011-09-20 05:48:37','2011-09-20 05:48:37','2011-09-20 05:48:37',22,0),(1219,29,622,'2011-09-20 05:49:57','2011-09-20 05:49:57','2011-09-20 05:49:57',22,0),(1220,44,188,'2011-09-20 05:51:16','2011-09-20 05:51:16','2011-09-20 05:51:16',22,0),(1221,91,100,'2011-09-20 05:54:52','2011-09-20 05:54:53','2011-09-20 05:54:53',22,0),(1222,15,148,'2011-09-20 05:56:11','2011-09-20 05:56:11','2011-09-20 05:56:11',22,0),(1223,47,330,'2011-09-20 05:57:34','2011-09-20 05:57:34','2011-09-20 05:57:34',22,0),(1224,30,395,'2011-09-20 06:01:11','2011-09-20 06:01:12','2011-09-20 06:01:12',22,0),(1225,92,100,'2011-09-20 06:05:53','2011-09-20 06:05:53','2011-09-20 06:05:53',22,0),(1226,73,173,'2011-09-20 06:08:29','2011-09-20 06:08:29','2011-09-20 06:08:29',22,0),(1227,45,201,'2011-09-20 06:10:08','2011-09-20 06:10:08','2011-09-20 06:10:08',22,0),(1228,55,175,'2011-09-20 06:10:52','2011-09-20 06:10:52','2011-09-20 06:10:52',22,0),(1229,4,377,'2011-09-20 06:11:34','2011-09-20 06:11:34','2011-09-20 06:11:34',22,0),(1230,93,100,'2011-09-20 06:13:05','2011-09-20 06:13:05','2011-09-20 06:13:05',22,0),(1231,43,349,'2011-09-20 06:14:07','2011-09-20 06:14:07','2011-09-20 06:14:07',22,0),(1232,57,244,'2011-09-20 06:15:10','2011-09-20 06:15:10','2011-09-20 06:15:10',22,0),(1233,94,100,'2011-09-20 06:19:17','2011-09-20 06:19:17','2011-09-20 06:19:17',22,0),(1234,17,129,'2011-09-20 06:20:27','2011-09-20 06:20:27','2011-09-20 06:20:27',22,0),(1235,36,175,'2011-09-20 06:20:57','2011-09-20 06:20:57','2011-09-20 06:20:57',22,0),(1236,95,100,'2011-09-20 06:22:21','2011-09-20 06:22:21','2011-09-20 06:22:21',22,0),(1237,96,100,'2011-09-20 06:24:04','2011-09-20 06:24:04','2011-09-20 06:24:04',22,0),(1238,97,200,'2011-09-20 06:25:47','2011-09-20 06:25:47','2011-09-20 06:25:47',22,0),(1239,98,100,'2011-09-20 06:27:39','2011-09-20 06:27:39','2011-09-20 06:27:39',22,0),(1240,6,168,'2011-09-20 06:27:59','2011-09-20 06:27:59','2011-09-20 06:27:59',22,0),(1241,70,309,'2011-09-20 06:29:16','2011-09-20 06:29:17','2011-09-20 06:29:17',22,0),(1242,99,200,'2011-09-20 06:32:31','2011-09-20 06:32:31','2011-09-20 06:32:31',22,0),(1243,100,100,'2011-09-20 06:33:47','2011-09-20 06:33:47','2011-09-20 06:33:47',22,0),(1244,101,100,'2011-09-20 06:34:49','2011-09-20 06:34:49','2011-09-20 06:34:49',22,0),(1245,26,432,'2011-09-20 06:35:21','2011-09-20 06:35:21','2011-09-20 06:35:21',22,0),(1246,102,400,'2011-09-20 06:37:51','2011-09-20 06:37:51','2011-09-20 06:37:51',22,0),(1247,52,372,'2011-09-20 06:39:23','2011-09-20 06:39:23','2011-09-20 06:39:23',22,0),(1248,40,368,'2011-09-20 06:47:08','2011-09-20 06:47:08','2011-09-20 06:47:08',22,0),(1249,103,200,'2011-09-20 06:47:56','2011-09-20 06:47:56','2011-09-20 06:47:56',22,0),(1250,104,200,'2011-09-20 06:49:20','2011-09-20 06:49:20','2011-09-20 06:49:20',22,0),(1251,74,448,'2011-09-20 06:50:39','2011-09-20 06:50:39','2011-09-20 06:50:39',22,0),(1252,79,547,'2011-09-20 06:52:23','2011-09-20 06:52:23','2011-09-20 06:52:23',22,0),(1253,5,384,'2011-09-20 07:01:33','2011-09-20 07:01:33','2011-09-20 07:01:33',22,0),(1254,105,100,'2011-09-20 07:02:31','2011-09-20 07:02:31','2011-09-20 07:02:31',22,0);
/*!40000 ALTER TABLE `players` ENABLE KEYS */;
UNLOCK TABLES;

--
-- Table structure for table `products`
--

DROP TABLE IF EXISTS `products`;
/*!40101 SET @saved_cs_client     = @@character_set_client */;
/*!40101 SET character_set_client = utf8 */;
CREATE TABLE `products` (
  `id` int(11) NOT NULL AUTO_INCREMENT,
  `name` varchar(255) DEFAULT NULL,
  `price` int(11) DEFAULT NULL,
  `created_at` datetime DEFAULT NULL,
  `updated_at` datetime DEFAULT NULL,
  `club_id` int(11) DEFAULT NULL,
  PRIMARY KEY (`id`)
) ENGINE=InnoDB AUTO_INCREMENT=4 DEFAULT CHARSET=latin1;
/*!40101 SET character_set_client = @saved_cs_client */;

--
-- Dumping data for table `products`
--

LOCK TABLES `products` WRITE;
/*!40000 ALTER TABLE `products` DISABLE KEYS */;
INSERT INTO `products` VALUES (1,'Registration',1500,'2011-09-19 23:21:18','2011-09-20 04:08:19',1),(2,'T-shirt',1000,'2011-09-19 23:21:32','2011-09-20 04:08:19',1),(3,'Chess set',500,'2011-09-19 23:21:43','2011-09-20 04:08:19',1);
/*!40000 ALTER TABLE `products` ENABLE KEYS */;
UNLOCK TABLES;

--
-- Table structure for table `schema_migrations`
--

DROP TABLE IF EXISTS `schema_migrations`;
/*!40101 SET @saved_cs_client     = @@character_set_client */;
/*!40101 SET character_set_client = utf8 */;
CREATE TABLE `schema_migrations` (
  `version` varchar(255) NOT NULL,
  UNIQUE KEY `unique_schema_migrations` (`version`)
) ENGINE=InnoDB DEFAULT CHARSET=latin1;
/*!40101 SET character_set_client = @saved_cs_client */;

--
-- Dumping data for table `schema_migrations`
--

LOCK TABLES `schema_migrations` WRITE;
/*!40000 ALTER TABLE `schema_migrations` DISABLE KEYS */;
INSERT INTO `schema_migrations` VALUES ('20101017163921'),('20101017164052'),('20101017164255'),('20101017164320'),('20101017164332'),('20101020011825'),('20101020012441'),('20101020042410'),('20101020045333'),('20101020052219'),('20101109055023'),('20101109055647'),('20101109055831'),('20101109060516'),('20101109061441'),('20101109065151'),('20110208054912'),('20110208062756'),('20110209020039'),('20110209053123'),('20110209060624'),('20110209063601'),('20110210031551'),('20110210052330'),('20110211070731'),('20110211071534'),('20110211235937'),('20110217190141'),('20110218074709'),('20110218075231'),('20110223050932'),('20110301200441'),('20110831000000'),('20110901045930'),('20110901050323'),('20110901050925'),('20110913064023'),('20110917053204'),('20110919223537'),('20110919231354'),('20110920032057'),('20110920033027'),('20110920033802');
/*!40000 ALTER TABLE `schema_migrations` ENABLE KEYS */;
UNLOCK TABLES;

--
-- Table structure for table `students`
--

DROP TABLE IF EXISTS `students`;
/*!40101 SET @saved_cs_client     = @@character_set_client */;
/*!40101 SET character_set_client = utf8 */;
CREATE TABLE `students` (
  `id` int(11) NOT NULL AUTO_INCREMENT,
  `firstname` varchar(255) DEFAULT NULL,
  `lastname` varchar(255) DEFAULT NULL,
  `family_id` int(11) DEFAULT NULL,
  `created_at` datetime DEFAULT NULL,
  `updated_at` datetime DEFAULT NULL,
  `grade` int(11) DEFAULT NULL,
  `active` tinyint(1) DEFAULT NULL,
  `rating` int(11) DEFAULT NULL,
  `club_id` int(11) DEFAULT NULL,
  `current` tinyint(1) DEFAULT NULL,
  PRIMARY KEY (`id`)
) ENGINE=InnoDB AUTO_INCREMENT=106 DEFAULT CHARSET=latin1;
/*!40101 SET character_set_client = @saved_cs_client */;

--
-- Dumping data for table `students`
--

LOCK TABLES `students` WRITE;
/*!40000 ALTER TABLE `students` DISABLE KEYS */;
INSERT INTO `students` VALUES (1,'Aiden','Teegarden',1,'2011-02-23 04:01:35','2011-09-01 05:08:17',1,1,193,1,1),(2,'Alastair','Gough',2,'2011-02-23 04:01:35','2011-09-01 05:08:17',2,1,170,1,1),(3,'Alex','Ojukwu',3,'2011-02-23 04:01:35','2011-09-20 00:15:24',5,1,630,1,1),(4,'Amelia','Mussler-Wright',4,'2011-02-23 04:01:35','2011-09-20 06:11:44',4,1,377,1,1),(5,'Annika','Willerup',5,'2011-02-23 04:01:35','2011-09-20 07:01:44',3,1,384,1,1),(6,'Anthony','Quilici',6,'2011-02-23 04:01:36','2011-09-20 06:28:06',2,1,168,1,1),(7,'Asha','Soni',7,'2011-02-23 04:01:36','2011-09-01 05:08:17',1,1,132,1,1),(8,'Ashley','Banks',8,'2011-02-23 04:01:36','2011-09-01 05:08:17',1,1,104,1,1),(9,'Ashlynn','Palmer',9,'2011-02-23 04:01:36','2011-09-01 05:08:17',0,0,191,1,1),(10,'Bailey','Flynn',10,'2011-02-23 04:01:36','2011-09-01 05:08:17',2,1,219,1,1),(11,'Ben','Arnt',11,'2011-02-23 04:01:36','2011-09-01 05:08:17',1,1,220,1,1),(12,'Ben','Lazar',12,'2011-02-23 04:01:36','2011-09-01 05:08:17',6,1,522,1,1),(13,'Ben','Zuckerman',13,'2011-02-23 04:01:36','2011-09-01 05:08:17',2,1,250,1,1),(14,'Brennan','Becerra',14,'2011-02-23 04:01:37','2011-09-20 05:39:16',3,1,173,1,1),(15,'Carson','Gustavel',15,'2011-02-23 04:01:37','2011-09-20 05:56:20',2,1,148,1,1),(16,'Charlie','Konrath',16,'2011-02-23 04:01:37','2011-09-01 05:08:17',2,1,330,1,1),(17,'Charlie','Park',17,'2011-02-23 04:01:37','2011-09-20 06:20:36',2,1,129,1,1),(18,'Chase','Kluksdal',18,'2011-02-23 04:01:37','2011-09-20 00:19:07',2,1,342,1,1),(19,'Clara','Crowell',19,'2011-02-23 04:01:37','2011-09-20 05:45:46',6,1,608,1,1),(20,'Clay','Leavitt',20,'2011-02-23 04:01:38','2011-09-01 05:08:17',4,1,387,1,1),(21,'Cooper','McCauley',21,'2011-02-23 04:01:38','2011-09-01 05:08:17',5,1,532,1,1),(22,'Cooper','Webb-Knudson',22,'2011-02-23 04:01:38','2011-09-01 05:08:17',3,1,469,1,1),(23,'Declan','Teegarden',1,'2011-02-23 04:01:38','2011-09-01 05:08:17',3,1,231,1,1),(24,'Derrek','Flynn',10,'2011-02-23 04:01:38','2011-09-01 05:08:17',3,1,444,1,1),(25,'Devon','Scofield',23,'2011-02-23 04:01:39','2011-09-01 05:08:17',0,0,291,1,1),(26,'Eli','Williams',24,'2011-02-23 04:01:39','2011-09-20 06:35:28',3,1,432,1,1),(27,'Elias','Willerup',5,'2011-02-23 04:01:39','2011-09-17 05:22:32',5,1,693,1,1),(28,'Elliott','Glass',25,'2011-02-23 04:01:39','2011-09-01 05:08:17',6,1,742,1,1),(29,'Emma','English',26,'2011-02-23 04:01:39','2011-09-20 05:50:05',5,1,622,1,1),(30,'Eric','Labastida',27,'2011-02-23 04:01:39','2011-09-20 06:01:20',5,1,395,1,1),(31,'Ethan','Albert',28,'2011-02-23 04:01:40','2011-09-01 05:08:17',1,1,177,1,1),(32,'Ethan','Williams',24,'2011-02-23 04:01:40','2011-09-01 05:08:17',4,1,380,1,1),(33,'Fisher','Albright',29,'2011-02-23 04:01:40','2011-09-20 04:56:06',2,1,187,1,1),(34,'Ford','Songer',30,'2011-02-23 04:01:40','2011-09-01 05:08:17',0,0,168,1,1),(35,'Forest','Leavitt',20,'2011-02-23 04:01:40','2011-09-01 05:08:17',5,1,441,1,1),(36,'Geoffrey','Park',17,'2011-02-23 04:01:40','2011-09-20 06:21:02',5,1,175,1,1),(37,'Gibson','Eustermann',31,'2011-02-23 04:01:40','2011-09-01 05:08:17',1,1,160,1,1),(38,'Griffin','Eustermann',31,'2011-02-23 04:01:40','2011-09-01 05:08:17',3,1,234,1,1),(39,'Henry','McCauley',21,'2011-02-23 04:01:41','2011-09-01 05:08:17',3,1,322,1,1),(40,'Ian','Woodley',32,'2011-02-23 04:01:41','2011-09-20 06:47:16',4,1,368,1,1),(41,'Isaac','Fishman',33,'2011-02-23 04:01:41','2011-09-01 05:08:17',1,1,276,1,1),(42,'Isaac','Skinner',34,'2011-02-23 04:01:41','2011-09-01 05:08:17',4,1,232,1,1),(43,'Isabella','Ojukwu',3,'2011-02-23 04:01:41','2011-09-20 06:14:15',4,1,349,1,1),(44,'Isabelle','Devitt',35,'2011-02-23 04:01:41','2011-09-20 05:51:22',3,1,188,1,1),(45,'Jack','McIntyre',36,'2011-02-23 04:01:41','2011-09-20 06:10:20',2,1,201,1,1),(46,'Jack','Roe',37,'2011-02-23 04:01:42','2011-09-01 05:08:17',0,0,281,1,1),(47,'Jackson','Gustavel',15,'2011-02-23 04:01:42','2011-09-20 05:57:41',4,1,330,1,1),(48,'Jaeson','Albin',38,'2011-02-23 04:01:42','2011-09-20 05:16:29',5,1,345,1,1),(49,'Jake','Krueger',39,'2011-02-23 04:01:42','2011-09-01 05:08:17',0,0,362,1,1),(50,'John','Ojukwu',3,'2011-02-23 04:01:42','2011-09-01 05:08:17',6,1,659,1,1),(51,'Kayden','Hulquist',40,'2011-02-23 04:01:42','2011-09-01 05:08:17',2,1,180,1,1),(52,'Keiju','Williams',71,'2011-02-23 04:01:42','2011-09-20 06:44:03',4,1,372,1,1),(53,'Lauren','Lazar',12,'2011-02-23 04:01:43','2011-09-01 05:08:17',3,1,312,1,1),(54,'Mariah','Albin',38,'2011-02-23 04:01:43','2011-09-20 05:15:46',4,1,360,1,1),(55,'Mark','McIntyre',36,'2011-02-23 04:01:43','2011-09-20 06:11:00',2,1,175,1,1),(56,'Matthew','Freeman',41,'2011-02-23 04:01:43','2011-09-01 05:08:17',4,1,413,1,1),(57,'Max','Palmer',9,'2011-02-23 04:01:43','2011-09-20 06:15:25',3,1,244,1,1),(58,'Maya','Smith',42,'2011-02-23 04:01:43','2011-09-01 05:08:17',2,1,159,1,1),(59,'Miles','Budell',43,'2011-02-23 04:01:43','2011-09-20 05:38:17',1,1,148,1,1),(60,'Nicolai','Andreas',44,'2011-02-23 04:01:43','2011-09-20 05:22:15',6,1,399,1,1),(61,'Noah','Leavitt',20,'2011-02-23 04:01:44','2011-09-01 05:08:17',4,1,335,1,1),(62,'Noah','Woods',45,'2011-02-23 04:01:44','2011-09-01 05:08:17',1,1,142,1,1),(63,'Parker','Anderson',46,'2011-02-23 04:01:44','2011-09-20 05:20:43',2,1,140,1,1),(64,'Parker','Conein',47,'2011-02-23 04:01:44','2011-09-01 05:08:17',3,1,183,1,1),(65,'Pascal','Andreas',44,'2011-02-23 04:01:44','2011-09-01 05:08:17',1,1,145,1,1),(66,'Payton','Banks',8,'2011-02-23 04:01:44','2011-09-01 05:08:17',4,1,351,1,1),(67,'Phoenix','Teixeira',48,'2011-02-23 04:01:44','2011-09-01 05:08:17',2,1,178,1,1),(68,'Quinn','Massey',49,'2011-02-23 04:01:45','2011-09-01 05:08:17',1,1,167,1,1),(69,'Ricky','Roberts',50,'2011-02-23 04:01:45','2011-09-01 05:08:17',4,1,287,1,1),(70,'Seth','Moore',51,'2011-02-23 04:01:45','2011-09-20 06:29:39',4,1,309,1,1),(71,'Sophie','Budell',43,'2011-02-23 04:01:45','2011-09-20 05:36:29',3,1,226,1,1),(72,'Sydney','Post',52,'2011-02-23 04:01:45','2011-09-01 05:08:17',4,1,478,1,1),(73,'Tavish','LaMontagne',53,'2011-02-23 04:01:45','2011-09-20 06:08:36',3,1,173,1,1),(74,'Tenje','Zimmerer',54,'2011-02-23 04:01:45','2011-09-20 06:50:50',5,1,448,1,1),(75,'Thomas','Konrath',16,'2011-02-23 04:01:45','2011-09-01 05:08:17',5,1,555,1,1),(76,'Trixie','Zwolfer',55,'2011-02-23 04:01:46','2011-09-01 05:08:17',5,1,478,1,1),(77,'Tucker','Webb-Knudsen',56,'2011-02-23 04:01:46','2011-09-01 05:08:17',1,1,159,1,1),(78,'Tyler','Freeman',41,'2011-02-23 04:01:46','2011-09-01 05:08:17',1,1,155,1,1),(79,'Vivien','Zwolfer',55,'2011-02-23 04:01:46','2011-09-20 06:52:45',6,1,547,1,1),(80,'Xavier','Howard',57,'2011-02-23 04:01:46','2011-09-01 05:08:17',3,1,356,1,1),(81,'Zane','Gibson',58,'2011-02-23 04:01:46','2011-09-01 05:08:17',1,1,298,1,1),(82,'Jack','Zuckerman',13,'2011-02-23 04:19:51','2011-09-01 05:08:17',0,1,132,1,1),(83,'Stevon','Albin',38,'2011-03-01 04:34:11','2011-09-20 05:13:00',6,1,404,1,1),(84,'Seth','Carrell',59,'2011-03-18 02:37:58','2011-09-01 05:08:17',1,1,164,1,1),(85,'Ryder','Booth',60,'2011-09-20 05:25:12','2011-09-20 05:25:12',1,1,100,1,NULL),(86,'Zoe','VanDeGrift',62,'2011-09-20 05:35:05','2011-09-20 05:35:05',2,1,200,1,NULL),(87,'Sophia','Becerra',14,'2011-09-20 05:41:42','2011-09-20 05:41:42',0,1,100,1,NULL),(88,'Hailey','Cooper',63,'2011-09-20 05:44:26','2011-09-20 05:44:26',4,1,400,1,NULL),(89,'Ethan','Cooper',63,'2011-09-20 05:44:57','2011-09-20 05:44:57',2,1,200,1,NULL),(90,'Sam','Denmark',64,'2011-09-20 05:48:37','2011-09-20 05:48:37',4,1,400,1,NULL),(91,'Ewan','Devitt',35,'2011-09-20 05:54:52','2011-09-20 05:54:52',0,1,100,1,NULL),(92,'Owen','',53,'2011-09-20 06:05:53','2011-09-20 06:05:53',1,1,100,1,NULL),(93,'August','Mussler-Wright',4,'2011-09-20 06:13:05','2011-09-20 06:13:05',0,1,100,1,NULL),(94,'Emma','',9,'2011-09-20 06:19:17','2011-09-20 06:19:17',0,1,100,1,NULL),(95,'Ian','Prasch',65,'2011-09-20 06:22:21','2011-09-20 06:22:21',1,1,100,1,NULL),(96,'Logan','Wendel',66,'2011-09-20 06:24:04','2011-09-20 06:24:04',1,1,100,1,NULL),(97,'Gracie','Rodes',67,'2011-09-20 06:25:47','2011-09-20 06:25:47',2,1,200,1,NULL),(98,'Jude','Robbins',68,'2011-09-20 06:27:39','2011-09-20 06:27:39',1,1,100,1,NULL),(99,'Macy','Taylor',69,'2011-09-20 06:32:31','2011-09-20 06:32:31',2,1,200,1,NULL),(100,'Hudson','Taylor',69,'2011-09-20 06:33:47','2011-09-20 06:34:12',1,1,100,1,NULL),(101,'Halle','Taylor',69,'2011-09-20 06:34:49','2011-09-20 06:34:49',0,1,100,1,NULL),(102,'Laurel','Wheaton',70,'2011-09-20 06:37:51','2011-09-20 06:37:51',4,1,400,1,NULL),(103,'Joe','',32,'2011-09-20 06:47:56','2011-09-20 06:47:56',2,1,200,1,NULL),(104,'Marlee','Zimmer',72,'2011-09-20 06:49:20','2011-09-20 06:49:20',2,1,200,1,NULL),(105,'Benjamin','Willerup',5,'2011-09-20 07:02:31','2011-09-20 07:02:31',1,1,100,1,NULL);
/*!40000 ALTER TABLE `students` ENABLE KEYS */;
UNLOCK TABLES;

--
-- Table structure for table `students_terms`
--

DROP TABLE IF EXISTS `students_terms`;
/*!40101 SET @saved_cs_client     = @@character_set_client */;
/*!40101 SET character_set_client = utf8 */;
CREATE TABLE `students_terms` (
  `student_id` int(11) DEFAULT NULL,
  `term_id` int(11) DEFAULT NULL
) ENGINE=InnoDB DEFAULT CHARSET=latin1;
/*!40101 SET character_set_client = @saved_cs_client */;

--
-- Dumping data for table `students_terms`
--

LOCK TABLES `students_terms` WRITE;
/*!40000 ALTER TABLE `students_terms` DISABLE KEYS */;
INSERT INTO `students_terms` VALUES (1,1),(2,1),(3,1),(4,1),(5,1),(6,1),(7,1),(8,1),(9,1),(10,1),(11,1),(12,1),(13,1),(14,1),(15,1),(16,1),(17,1),(18,1),(19,1),(20,1),(21,1),(22,1),(23,1),(24,1),(25,1),(26,1),(27,1),(28,1),(29,1),(30,1),(31,1),(32,1),(33,1),(34,1),(35,1),(36,1),(37,1),(38,1),(39,1),(40,1),(41,1),(42,1),(43,1),(44,1),(45,1),(46,1),(47,1),(48,1),(49,1),(50,1),(51,1),(52,1),(53,1),(54,1),(55,1),(56,1),(57,1),(58,1),(59,1),(60,1),(61,1),(62,1),(63,1),(64,1),(65,1),(66,1),(67,1),(68,1),(69,1),(70,1),(71,1),(72,1),(73,1),(74,1),(75,1),(76,1),(77,1),(78,1),(79,1),(80,1),(81,1),(82,1),(83,1),(84,1),(27,3),(3,3),(18,3),(33,3),(83,3),(54,3),(48,3),(63,3),(60,3),(85,3),(86,3),(71,3),(59,3),(14,3),(87,3),(88,3),(89,3),(19,3),(90,3),(29,3),(44,3),(91,3),(15,3),(47,3),(30,3),(92,3),(73,3),(45,3),(55,3),(4,3),(93,3),(43,3),(57,3),(94,3),(17,3),(36,3),(95,3),(96,3),(97,3),(98,3),(6,3),(70,3),(99,3),(100,3),(101,3),(26,3),(102,3),(52,3),(40,3),(103,3),(104,3),(74,3),(79,3),(5,3),(105,3);
/*!40000 ALTER TABLE `students_terms` ENABLE KEYS */;
UNLOCK TABLES;

--
-- Table structure for table `terms`
--

DROP TABLE IF EXISTS `terms`;
/*!40101 SET @saved_cs_client     = @@character_set_client */;
/*!40101 SET character_set_client = utf8 */;
CREATE TABLE `terms` (
  `id` int(11) NOT NULL AUTO_INCREMENT,
  `name` varchar(255) DEFAULT NULL,
  `club_id` int(11) DEFAULT NULL,
  `created_at` datetime DEFAULT NULL,
  `updated_at` datetime DEFAULT NULL,
  `start_event_id` int(11) DEFAULT NULL,
  PRIMARY KEY (`id`)
) ENGINE=InnoDB AUTO_INCREMENT=4 DEFAULT CHARSET=latin1;
/*!40101 SET character_set_client = @saved_cs_client */;

--
-- Dumping data for table `terms`
--

LOCK TABLES `terms` WRITE;
/*!40000 ALTER TABLE `terms` DISABLE KEYS */;
INSERT INTO `terms` VALUES (1,'2010/11',1,'2011-09-01 05:05:33','2011-09-01 05:05:33',NULL),(3,'2011/12',1,'2011-09-17 05:51:37','2011-09-17 05:51:37',22);
/*!40000 ALTER TABLE `terms` ENABLE KEYS */;
UNLOCK TABLES;

--
-- Table structure for table `users`
--

DROP TABLE IF EXISTS `users`;
/*!40101 SET @saved_cs_client     = @@character_set_client */;
/*!40101 SET character_set_client = utf8 */;
CREATE TABLE `users` (
  `id` int(11) NOT NULL AUTO_INCREMENT,
  `login` varchar(255) DEFAULT NULL,
  `email` varchar(255) DEFAULT NULL,
  `name` varchar(255) DEFAULT NULL,
  `family_id` int(11) DEFAULT NULL,
  `phone` varchar(255) DEFAULT NULL,
  `crypted_password` varchar(255) NOT NULL,
  `password_salt` varchar(255) NOT NULL,
  `persistence_token` varchar(255) NOT NULL,
  `login_count` int(11) NOT NULL DEFAULT '0',
  `last_request_at` datetime DEFAULT NULL,
  `current_login_at` datetime DEFAULT NULL,
  `last_login_at` datetime DEFAULT NULL,
  `created_at` datetime DEFAULT NULL,
  `updated_at` datetime DEFAULT NULL,
  `coach` tinyint(1) DEFAULT NULL,
  `admin` tinyint(1) DEFAULT NULL,
  `group_id` int(11) DEFAULT NULL,
  `perishable_token` varchar(255) DEFAULT NULL,
  `club_id` int(11) DEFAULT NULL,
  PRIMARY KEY (`id`)
) ENGINE=InnoDB AUTO_INCREMENT=5 DEFAULT CHARSET=latin1;
/*!40101 SET character_set_client = @saved_cs_client */;

--
-- Dumping data for table `users`
--

LOCK TABLES `users` WRITE;
/*!40000 ALTER TABLE `users` DISABLE KEYS */;
INSERT INTO `users` VALUES (1,'fredw','frederik@willerup.com','Fred',NULL,'2088993893','8fbe0d8f3c664d916c09a83385974da9a58b9f78ed7a5e24e4bb5e50a96c4e63be6e962f456592a1b7744d345a6b177e8380461952315b27a63a2e31acdbd4e3','vED7WQbPFhMrEjKvlv4q','d356381b517245c029e27bae5ba38fe127c3d50eeda02dabfeedca48934b51a753162c1d546672490210e59f9664d1dc14b30b7c1cefc0ea6554d0d5f4dddfc9',3,'2011-03-20 16:48:03','2011-03-20 16:47:54','2011-03-01 06:53:12','2011-03-01 06:33:17','2011-03-20 16:48:03',NULL,NULL,NULL,'6MfRF3SDgVS1awSmCqDr',1),(2,'admin','admin@hostname.com','Administrator',NULL,NULL,'fd13141be33996c8df1c49e2ac3c684c3aa09dbc09f2b7e404930219d5ae057b4e1c01f82af484ca61e71203d0e88d030e3e92d8782e28031948ce37560d3636','59ybgwrremahWVGnO07W','2815dcee18a8f9f53526892fd5cb0f6836e28ca53f09455be1071603e7b618804695a1bf6b41d174f950b871c89cc48bd751865a24e523f50039a8f1b050d22c',3,'2011-03-20 16:48:16','2011-03-20 16:48:14','2011-03-01 07:59:37','2011-03-01 07:47:37','2011-03-20 16:48:16',NULL,1,NULL,'VKQKcwNqHxKzCqginuyp',1),(3,'coach','coach@hostname.com','Coach',NULL,NULL,'2952d6b61f595ccadfbc37e03705f0cd6900d26a0e7ce8a48ab3489ce7f055400dae768ad44ca265033ead4cbf544f5ca1acbd08ffdc78d4590ee373d913eae1','e2rUpmVUlf4uVNkrpi','d94a97d6e4e8d795a6d4f40a5ebd06eb87dfd1d5e286da87af97d6a2ca890649c3d6b2020ad616dbeb7f8cd474a91c21325a286cf3787ba17ea4cb8485757f59',26,'2011-09-20 07:12:37','2011-09-19 23:05:38','2011-09-19 23:05:38','2011-03-01 07:48:06','2011-09-20 07:12:37',1,NULL,NULL,'piIBtOknxFmp4z4WFKc',1),(4,'parent','parent@hostname.com','Fred Willerup',5,NULL,'696c415923ac15ceacd82195e4c33c25fe54a33a09616c1902b26d8890ba497ef30cfd39f45091517f7f9f1eb548fa7a74b26263a6161305df6eacd520b4f370','cPgF8qClq4CmJSpEDzG','4810c76d915ef2b03e04365637b9b31addaad238f5760ee45f0ef1f7a917b1c80406d1f6d9fbd2a3a86b9258a02442234ac99345f7ee2d8b886f47cb06961e43',1,'2011-03-01 07:55:32','2011-03-01 07:55:29',NULL,'2011-03-01 07:50:45','2011-03-01 07:55:32',NULL,NULL,NULL,'oebk7VIalWnKi0jRzFw',1);
/*!40000 ALTER TABLE `users` ENABLE KEYS */;
UNLOCK TABLES;
/*!40103 SET TIME_ZONE=@OLD_TIME_ZONE */;

/*!40101 SET SQL_MODE=@OLD_SQL_MODE */;
/*!40014 SET FOREIGN_KEY_CHECKS=@OLD_FOREIGN_KEY_CHECKS */;
/*!40014 SET UNIQUE_CHECKS=@OLD_UNIQUE_CHECKS */;
/*!40101 SET CHARACTER_SET_CLIENT=@OLD_CHARACTER_SET_CLIENT */;
/*!40101 SET CHARACTER_SET_RESULTS=@OLD_CHARACTER_SET_RESULTS */;
/*!40101 SET COLLATION_CONNECTION=@OLD_COLLATION_CONNECTION */;
/*!40111 SET SQL_NOTES=@OLD_SQL_NOTES */;

-- Dump completed on 2011-09-20  1:22:56
